2026-01-28 17:07:42,968 - 32726 - hummingbot.connector.time_synchronizer - NETWORK - Error getting server time.
Traceback (most recent call last):
  File "/Users/yanyang/opt/anaconda3/envs/hummingbot/envs/hummingbot/lib/python3.13/site-packages/aiohttp/connector.py", line 1313, in _wrap_create_connection
    return await self._loop.create_connection(*args, **kwargs, sock=sock)
           ^^^^^^^^^^^^^^^^^^^^^^^^^^^^^^^^^^^^^^^^^^^^^^^^^^^^^^^^^^^^^^
  File "/Users/yanyang/opt/anaconda3/envs/hummingbot/envs/hummingbot/lib/python3.13/asyncio/base_events.py", line 1201, in create_connection
    transport, protocol = await self._create_connection_transport(
                          ^^^^^^^^^^^^^^^^^^^^^^^^^^^^^^^^^^^^^^^^
    ...<2 lines>...
        ssl_shutdown_timeout=ssl_shutdown_timeout)
        ^^^^^^^^^^^^^^^^^^^^^^^^^^^^^^^^^^^^^^^^^^
  File "/Users/yanyang/opt/anaconda3/envs/hummingbot/envs/hummingbot/lib/python3.13/asyncio/base_events.py", line 1234, in _create_connection_transport
    await waiter
  File "/Users/yanyang/opt/anaconda3/envs/hummingbot/envs/hummingbot/lib/python3.13/asyncio/sslproto.py", line 581, in _on_handshake_complete
    raise handshake_exc
ConnectionResetError

The above exception was the direct cause of the following exception:

Traceback (most recent call last):
  File "/Users/yanyang/hummingbot-2.11.0/hummingbot/connector/time_synchronizer.py", line 66, in update_server_time_offset_with_time_provider
    server_time_ms: float = await time_provider
                            ^^^^^^^^^^^^^^^^^^^
  File "/Users/yanyang/hummingbot-2.11.0/hummingbot/connector/exchange/kucoin/kucoin_web_utils.py", line 74, in get_current_server_time
    response = await rest_assistant.execute_request(
               ^^^^^^^^^^^^^^^^^^^^^^^^^^^^^^^^^^^^^
    ...<3 lines>...
    )
    ^
  File "/Users/yanyang/hummingbot-2.11.0/hummingbot/core/web_assistant/rest_assistant.py", line 48, in execute_request
    response = await self.execute_request_and_get_response(
               ^^^^^^^^^^^^^^^^^^^^^^^^^^^^^^^^^^^^^^^^^^^^
    ...<9 lines>...
    )
    ^
  File "/Users/yanyang/hummingbot-2.11.0/hummingbot/core/web_assistant/rest_assistant.py", line 95, in execute_request_and_get_response
    response = await self.call(request=request, timeout=timeout)
               ^^^^^^^^^^^^^^^^^^^^^^^^^^^^^^^^^^^^^^^^^^^^^^^^^
  File "/Users/yanyang/hummingbot-2.11.0/hummingbot/core/web_assistant/rest_assistant.py", line 109, in call
    resp = await wait_for(self._connection.call(request), timeout)
           ^^^^^^^^^^^^^^^^^^^^^^^^^^^^^^^^^^^^^^^^^^^^^^^^^^^^^^^
  File "/Users/yanyang/opt/anaconda3/envs/hummingbot/envs/hummingbot/lib/python3.13/asyncio/tasks.py", line 507, in wait_for
    return await fut
           ^^^^^^^^^
  File "/Users/yanyang/hummingbot-2.11.0/hummingbot/core/web_assistant/connections/rest_connection.py", line 10, in call
    aiohttp_resp = await self._client_session.request(
                   ^^^^^^^^^^^^^^^^^^^^^^^^^^^^^^^^^^^
    ...<5 lines>...
    )
    ^
  File "/Users/yanyang/opt/anaconda3/envs/hummingbot/envs/hummingbot/lib/python3.13/site-packages/aiohttp/client.py", line 779, in _request
    resp = await handler(req)
           ^^^^^^^^^^^^^^^^^^
  File "/Users/yanyang/opt/anaconda3/envs/hummingbot/envs/hummingbot/lib/python3.13/site-packages/aiohttp/client.py", line 734, in _connect_and_send_request
    conn = await self._connector.connect(
           ^^^^^^^^^^^^^^^^^^^^^^^^^^^^^^
        req, traces=traces, timeout=real_timeout
        ^^^^^^^^^^^^^^^^^^^^^^^^^^^^^^^^^^^^^^^^
    )
    ^
  File "/Users/yanyang/opt/anaconda3/envs/hummingbot/envs/hummingbot/lib/python3.13/site-packages/aiohttp/connector.py", line 672, in connect
    proto = await self._create_connection(req, traces, timeout)
            ^^^^^^^^^^^^^^^^^^^^^^^^^^^^^^^^^^^^^^^^^^^^^^^^^^^
  File "/Users/yanyang/opt/anaconda3/envs/hummingbot/envs/hummingbot/lib/python3.13/site-packages/aiohttp/connector.py", line 1239, in _create_connection
    _, proto = await self._create_direct_connection(req, traces, timeout)
               ^^^^^^^^^^^^^^^^^^^^^^^^^^^^^^^^^^^^^^^^^^^^^^^^^^^^^^^^^^
  File "/Users/yanyang/opt/anaconda3/envs/hummingbot/envs/hummingbot/lib/python3.13/site-packages/aiohttp/connector.py", line 1611, in _create_direct_connection
    raise last_exc
  File "/Users/yanyang/opt/anaconda3/envs/hummingbot/envs/hummingbot/lib/python3.13/site-packages/aiohttp/connector.py", line 1580, in _create_direct_connection
    transp, proto = await self._wrap_create_connection(
                    ^^^^^^^^^^^^^^^^^^^^^^^^^^^^^^^^^^^
    ...<7 lines>...
    )
    ^
  File "/Users/yanyang/opt/anaconda3/envs/hummingbot/envs/hummingbot/lib/python3.13/site-packages/aiohttp/connector.py", line 1321, in _wrap_create_connection
    raise client_error(req.connection_key, exc) from exc
aiohttp.client_exceptions.ClientConnectorError: Cannot connect to host api.kucoin.com:443 ssl:default [None]
2026-01-28 17:07:42,981 - 32726 - hummingbot.connector.time_synchronizer - WARNING - Could not refresh server time. Check network connection.
2026-01-28 17:07:42,982 - 32726 - hummingbot.connector.time_synchronizer - NETWORK - Error getting server time.
Traceback (most recent call last):
  File "/Users/yanyang/opt/anaconda3/envs/hummingbot/envs/hummingbot/lib/python3.13/site-packages/aiohttp/connector.py", line 1313, in _wrap_create_connection
    return await self._loop.create_connection(*args, **kwargs, sock=sock)
           ^^^^^^^^^^^^^^^^^^^^^^^^^^^^^^^^^^^^^^^^^^^^^^^^^^^^^^^^^^^^^^
  File "/Users/yanyang/opt/anaconda3/envs/hummingbot/envs/hummingbot/lib/python3.13/asyncio/base_events.py", line 1201, in create_connection
    transport, protocol = await self._create_connection_transport(
                          ^^^^^^^^^^^^^^^^^^^^^^^^^^^^^^^^^^^^^^^^
    ...<2 lines>...
        ssl_shutdown_timeout=ssl_shutdown_timeout)
        ^^^^^^^^^^^^^^^^^^^^^^^^^^^^^^^^^^^^^^^^^^
  File "/Users/yanyang/opt/anaconda3/envs/hummingbot/envs/hummingbot/lib/python3.13/asyncio/base_events.py", line 1234, in _create_connection_transport
    await waiter
  File "/Users/yanyang/opt/anaconda3/envs/hummingbot/envs/hummingbot/lib/python3.13/asyncio/sslproto.py", line 581, in _on_handshake_complete
    raise handshake_exc
ConnectionResetError

The above exception was the direct cause of the following exception:

Traceback (most recent call last):
  File "/Users/yanyang/hummingbot-2.11.0/hummingbot/connector/time_synchronizer.py", line 66, in update_server_time_offset_with_time_provider
    server_time_ms: float = await time_provider
                            ^^^^^^^^^^^^^^^^^^^
  File "/Users/yanyang/hummingbot-2.11.0/hummingbot/connector/exchange/binance/binance_web_utils.py", line 69, in get_current_server_time
    response = await rest_assistant.execute_request(
               ^^^^^^^^^^^^^^^^^^^^^^^^^^^^^^^^^^^^^
    ...<3 lines>...
    )
    ^
  File "/Users/yanyang/hummingbot-2.11.0/hummingbot/core/web_assistant/rest_assistant.py", line 48, in execute_request
    response = await self.execute_request_and_get_response(
               ^^^^^^^^^^^^^^^^^^^^^^^^^^^^^^^^^^^^^^^^^^^^
    ...<9 lines>...
    )
    ^
  File "/Users/yanyang/hummingbot-2.11.0/hummingbot/core/web_assistant/rest_assistant.py", line 95, in execute_request_and_get_response
    response = await self.call(request=request, timeout=timeout)
               ^^^^^^^^^^^^^^^^^^^^^^^^^^^^^^^^^^^^^^^^^^^^^^^^^
  File "/Users/yanyang/hummingbot-2.11.0/hummingbot/core/web_assistant/rest_assistant.py", line 109, in call
    resp = await wait_for(self._connection.call(request), timeout)
           ^^^^^^^^^^^^^^^^^^^^^^^^^^^^^^^^^^^^^^^^^^^^^^^^^^^^^^^
  File "/Users/yanyang/opt/anaconda3/envs/hummingbot/envs/hummingbot/lib/python3.13/asyncio/tasks.py", line 507, in wait_for
    return await fut
           ^^^^^^^^^
  File "/Users/yanyang/hummingbot-2.11.0/hummingbot/core/web_assistant/connections/rest_connection.py", line 10, in call
    aiohttp_resp = await self._client_session.request(
                   ^^^^^^^^^^^^^^^^^^^^^^^^^^^^^^^^^^^
    ...<5 lines>...
    )
    ^
  File "/Users/yanyang/opt/anaconda3/envs/hummingbot/envs/hummingbot/lib/python3.13/site-packages/aiohttp/client.py", line 779, in _request
    resp = await handler(req)
           ^^^^^^^^^^^^^^^^^^
  File "/Users/yanyang/opt/anaconda3/envs/hummingbot/envs/hummingbot/lib/python3.13/site-packages/aiohttp/client.py", line 734, in _connect_and_send_request
    conn = await self._connector.connect(
           ^^^^^^^^^^^^^^^^^^^^^^^^^^^^^^
        req, traces=traces, timeout=real_timeout
        ^^^^^^^^^^^^^^^^^^^^^^^^^^^^^^^^^^^^^^^^
    )
    ^
  File "/Users/yanyang/opt/anaconda3/envs/hummingbot/envs/hummingbot/lib/python3.13/site-packages/aiohttp/connector.py", line 672, in connect
    proto = await self._create_connection(req, traces, timeout)
            ^^^^^^^^^^^^^^^^^^^^^^^^^^^^^^^^^^^^^^^^^^^^^^^^^^^
  File "/Users/yanyang/opt/anaconda3/envs/hummingbot/envs/hummingbot/lib/python3.13/site-packages/aiohttp/connector.py", line 1239, in _create_connection
    _, proto = await self._create_direct_connection(req, traces, timeout)
               ^^^^^^^^^^^^^^^^^^^^^^^^^^^^^^^^^^^^^^^^^^^^^^^^^^^^^^^^^^
  File "/Users/yanyang/opt/anaconda3/envs/hummingbot/envs/hummingbot/lib/python3.13/site-packages/aiohttp/connector.py", line 1611, in _create_direct_connection
    raise last_exc
  File "/Users/yanyang/opt/anaconda3/envs/hummingbot/envs/hummingbot/lib/python3.13/site-packages/aiohttp/connector.py", line 1580, in _create_direct_connection
    transp, proto = await self._wrap_create_connection(
                    ^^^^^^^^^^^^^^^^^^^^^^^^^^^^^^^^^^^
    ...<7 lines>...
    )
    ^
  File "/Users/yanyang/opt/anaconda3/envs/hummingbot/envs/hummingbot/lib/python3.13/site-packages/aiohttp/connector.py", line 1321, in _wrap_create_connection
    raise client_error(req.connection_key, exc) from exc
aiohttp.client_exceptions.ClientConnectorError: Cannot connect to host api.binance.com:443 ssl:default [None]
2026-01-28 17:07:42,986 - 32726 - hummingbot.connector.time_synchronizer - WARNING - Could not refresh server time. Check network connection.
2026-01-28 17:07:42,988 - 32726 - hummingbot.connector.exchange.kraken.kraken_exchange.KrakenExchange - ERROR - There was an error requesting exchange info.
Traceback (most recent call last):
  File "/Users/yanyang/opt/anaconda3/envs/hummingbot/envs/hummingbot/lib/python3.13/site-packages/aiohttp/connector.py", line 1313, in _wrap_create_connection
    return await self._loop.create_connection(*args, **kwargs, sock=sock)
           ^^^^^^^^^^^^^^^^^^^^^^^^^^^^^^^^^^^^^^^^^^^^^^^^^^^^^^^^^^^^^^
  File "/Users/yanyang/opt/anaconda3/envs/hummingbot/envs/hummingbot/lib/python3.13/asyncio/base_events.py", line 1201, in create_connection
    transport, protocol = await self._create_connection_transport(
                          ^^^^^^^^^^^^^^^^^^^^^^^^^^^^^^^^^^^^^^^^
    ...<2 lines>...
        ssl_shutdown_timeout=ssl_shutdown_timeout)
        ^^^^^^^^^^^^^^^^^^^^^^^^^^^^^^^^^^^^^^^^^^
  File "/Users/yanyang/opt/anaconda3/envs/hummingbot/envs/hummingbot/lib/python3.13/asyncio/base_events.py", line 1234, in _create_connection_transport
    await waiter
  File "/Users/yanyang/opt/anaconda3/envs/hummingbot/envs/hummingbot/lib/python3.13/asyncio/sslproto.py", line 581, in _on_handshake_complete
    raise handshake_exc
ConnectionResetError

The above exception was the direct cause of the following exception:

Traceback (most recent call last):
  File "/Users/yanyang/hummingbot-2.11.0/hummingbot/connector/exchange_py_base.py", line 1078, in _initialize_trading_pair_symbol_map
    exchange_info = await self._make_trading_pairs_request()
                    ^^^^^^^^^^^^^^^^^^^^^^^^^^^^^^^^^^^^^^^^
  File "/Users/yanyang/hummingbot-2.11.0/hummingbot/connector/exchange_py_base.py", line 1091, in _make_trading_pairs_request
    exchange_info = await self._api_get(path_url=self.trading_pairs_request_path)
                    ^^^^^^^^^^^^^^^^^^^^^^^^^^^^^^^^^^^^^^^^^^^^^^^^^^^^^^^^^^^^^
  File "/Users/yanyang/hummingbot-2.11.0/hummingbot/connector/exchange/kraken/kraken_exchange.py", line 188, in _api_get
    return await self._api_request_with_retry(*args, **kwargs)
           ^^^^^^^^^^^^^^^^^^^^^^^^^^^^^^^^^^^^^^^^^^^^^^^^^^^
  File "/Users/yanyang/hummingbot-2.11.0/hummingbot/connector/exchange/kraken/kraken_exchange.py", line 351, in _api_request_with_retry
    raise e
  File "/Users/yanyang/hummingbot-2.11.0/hummingbot/connector/exchange/kraken/kraken_exchange.py", line 325, in _api_request_with_retry
    response_json = await self._api_request(path_url=path_url, method=method, params=params, data=data,
                    ^^^^^^^^^^^^^^^^^^^^^^^^^^^^^^^^^^^^^^^^^^^^^^^^^^^^^^^^^^^^^^^^^^^^^^^^^^^^^^^^^^^
                                            is_auth_required=is_auth_required)
                                            ^^^^^^^^^^^^^^^^^^^^^^^^^^^^^^^^^^
  File "/Users/yanyang/hummingbot-2.11.0/hummingbot/connector/exchange_py_base.py", line 911, in _api_request
    request_result = await rest_assistant.execute_request(
                     ^^^^^^^^^^^^^^^^^^^^^^^^^^^^^^^^^^^^^
    ...<8 lines>...
    )
    ^
  File "/Users/yanyang/hummingbot-2.11.0/hummingbot/core/web_assistant/rest_assistant.py", line 48, in execute_request
    response = await self.execute_request_and_get_response(
               ^^^^^^^^^^^^^^^^^^^^^^^^^^^^^^^^^^^^^^^^^^^^
    ...<9 lines>...
    )
    ^
  File "/Users/yanyang/hummingbot-2.11.0/hummingbot/core/web_assistant/rest_assistant.py", line 95, in execute_request_and_get_response
    response = await self.call(request=request, timeout=timeout)
               ^^^^^^^^^^^^^^^^^^^^^^^^^^^^^^^^^^^^^^^^^^^^^^^^^
  File "/Users/yanyang/hummingbot-2.11.0/hummingbot/core/web_assistant/rest_assistant.py", line 109, in call
    resp = await wait_for(self._connection.call(request), timeout)
           ^^^^^^^^^^^^^^^^^^^^^^^^^^^^^^^^^^^^^^^^^^^^^^^^^^^^^^^
  File "/Users/yanyang/opt/anaconda3/envs/hummingbot/envs/hummingbot/lib/python3.13/asyncio/tasks.py", line 507, in wait_for
    return await fut
           ^^^^^^^^^
  File "/Users/yanyang/hummingbot-2.11.0/hummingbot/core/web_assistant/connections/rest_connection.py", line 10, in call
    aiohttp_resp = await self._client_session.request(
                   ^^^^^^^^^^^^^^^^^^^^^^^^^^^^^^^^^^^
    ...<5 lines>...
    )
    ^
  File "/Users/yanyang/opt/anaconda3/envs/hummingbot/envs/hummingbot/lib/python3.13/site-packages/aiohttp/client.py", line 779, in _request
    resp = await handler(req)
           ^^^^^^^^^^^^^^^^^^
  File "/Users/yanyang/opt/anaconda3/envs/hummingbot/envs/hummingbot/lib/python3.13/site-packages/aiohttp/client.py", line 734, in _connect_and_send_request
    conn = await self._connector.connect(
           ^^^^^^^^^^^^^^^^^^^^^^^^^^^^^^
        req, traces=traces, timeout=real_timeout
        ^^^^^^^^^^^^^^^^^^^^^^^^^^^^^^^^^^^^^^^^
    )
    ^
  File "/Users/yanyang/opt/anaconda3/envs/hummingbot/envs/hummingbot/lib/python3.13/site-packages/aiohttp/connector.py", line 672, in connect
    proto = await self._create_connection(req, traces, timeout)
            ^^^^^^^^^^^^^^^^^^^^^^^^^^^^^^^^^^^^^^^^^^^^^^^^^^^
  File "/Users/yanyang/opt/anaconda3/envs/hummingbot/envs/hummingbot/lib/python3.13/site-packages/aiohttp/connector.py", line 1239, in _create_connection
    _, proto = await self._create_direct_connection(req, traces, timeout)
               ^^^^^^^^^^^^^^^^^^^^^^^^^^^^^^^^^^^^^^^^^^^^^^^^^^^^^^^^^^
  File "/Users/yanyang/opt/anaconda3/envs/hummingbot/envs/hummingbot/lib/python3.13/site-packages/aiohttp/connector.py", line 1611, in _create_direct_connection
    raise last_exc
  File "/Users/yanyang/opt/anaconda3/envs/hummingbot/envs/hummingbot/lib/python3.13/site-packages/aiohttp/connector.py", line 1580, in _create_direct_connection
    transp, proto = await self._wrap_create_connection(
                    ^^^^^^^^^^^^^^^^^^^^^^^^^^^^^^^^^^^
    ...<7 lines>...
    )
    ^
  File "/Users/yanyang/opt/anaconda3/envs/hummingbot/envs/hummingbot/lib/python3.13/site-packages/aiohttp/connector.py", line 1321, in _wrap_create_connection
    raise client_error(req.connection_key, exc) from exc
aiohttp.client_exceptions.ClientConnectorError: Cannot connect to host api.kraken.com:443 ssl:default [None]
2026-01-28 17:07:47,985 - 32726 - hummingbot.connector.exchange.kucoin.kucoin_exchange.KucoinExchange - ERROR - There was an error requesting exchange info.
Traceback (most recent call last):
  File "/Users/yanyang/opt/anaconda3/envs/hummingbot/envs/hummingbot/lib/python3.13/site-packages/aiohttp/connector.py", line 1313, in _wrap_create_connection
    return await self._loop.create_connection(*args, **kwargs, sock=sock)
           ^^^^^^^^^^^^^^^^^^^^^^^^^^^^^^^^^^^^^^^^^^^^^^^^^^^^^^^^^^^^^^
  File "/Users/yanyang/opt/anaconda3/envs/hummingbot/envs/hummingbot/lib/python3.13/asyncio/base_events.py", line 1201, in create_connection
    transport, protocol = await self._create_connection_transport(
                          ^^^^^^^^^^^^^^^^^^^^^^^^^^^^^^^^^^^^^^^^
    ...<2 lines>...
        ssl_shutdown_timeout=ssl_shutdown_timeout)
        ^^^^^^^^^^^^^^^^^^^^^^^^^^^^^^^^^^^^^^^^^^
  File "/Users/yanyang/opt/anaconda3/envs/hummingbot/envs/hummingbot/lib/python3.13/asyncio/base_events.py", line 1234, in _create_connection_transport
    await waiter
  File "/Users/yanyang/opt/anaconda3/envs/hummingbot/envs/hummingbot/lib/python3.13/asyncio/sslproto.py", line 581, in _on_handshake_complete
    raise handshake_exc
ConnectionResetError

The above exception was the direct cause of the following exception:

Traceback (most recent call last):
  File "/Users/yanyang/hummingbot-2.11.0/hummingbot/connector/exchange_py_base.py", line 1078, in _initialize_trading_pair_symbol_map
    exchange_info = await self._make_trading_pairs_request()
                    ^^^^^^^^^^^^^^^^^^^^^^^^^^^^^^^^^^^^^^^^
  File "/Users/yanyang/hummingbot-2.11.0/hummingbot/connector/exchange_py_base.py", line 1091, in _make_trading_pairs_request
    exchange_info = await self._api_get(path_url=self.trading_pairs_request_path)
                    ^^^^^^^^^^^^^^^^^^^^^^^^^^^^^^^^^^^^^^^^^^^^^^^^^^^^^^^^^^^^^
  File "/Users/yanyang/hummingbot-2.11.0/hummingbot/connector/exchange_py_base.py", line 868, in _api_get
    return await self._api_request(*args, **kwargs)
           ^^^^^^^^^^^^^^^^^^^^^^^^^^^^^^^^^^^^^^^^
  File "/Users/yanyang/hummingbot-2.11.0/hummingbot/connector/exchange_py_base.py", line 911, in _api_request
    request_result = await rest_assistant.execute_request(
                     ^^^^^^^^^^^^^^^^^^^^^^^^^^^^^^^^^^^^^
    ...<8 lines>...
    )
    ^
  File "/Users/yanyang/hummingbot-2.11.0/hummingbot/core/web_assistant/rest_assistant.py", line 48, in execute_request
    response = await self.execute_request_and_get_response(
               ^^^^^^^^^^^^^^^^^^^^^^^^^^^^^^^^^^^^^^^^^^^^
    ...<9 lines>...
    )
    ^
  File "/Users/yanyang/hummingbot-2.11.0/hummingbot/core/web_assistant/rest_assistant.py", line 95, in execute_request_and_get_response
    response = await self.call(request=request, timeout=timeout)
               ^^^^^^^^^^^^^^^^^^^^^^^^^^^^^^^^^^^^^^^^^^^^^^^^^
  File "/Users/yanyang/hummingbot-2.11.0/hummingbot/core/web_assistant/rest_assistant.py", line 109, in call
    resp = await wait_for(self._connection.call(request), timeout)
           ^^^^^^^^^^^^^^^^^^^^^^^^^^^^^^^^^^^^^^^^^^^^^^^^^^^^^^^
  File "/Users/yanyang/opt/anaconda3/envs/hummingbot/envs/hummingbot/lib/python3.13/asyncio/tasks.py", line 507, in wait_for
    return await fut
           ^^^^^^^^^
  File "/Users/yanyang/hummingbot-2.11.0/hummingbot/core/web_assistant/connections/rest_connection.py", line 10, in call
    aiohttp_resp = await self._client_session.request(
                   ^^^^^^^^^^^^^^^^^^^^^^^^^^^^^^^^^^^
    ...<5 lines>...
    )
    ^
  File "/Users/yanyang/opt/anaconda3/envs/hummingbot/envs/hummingbot/lib/python3.13/site-packages/aiohttp/client.py", line 779, in _request
    resp = await handler(req)
           ^^^^^^^^^^^^^^^^^^
  File "/Users/yanyang/opt/anaconda3/envs/hummingbot/envs/hummingbot/lib/python3.13/site-packages/aiohttp/client.py", line 734, in _connect_and_send_request
    conn = await self._connector.connect(
           ^^^^^^^^^^^^^^^^^^^^^^^^^^^^^^
        req, traces=traces, timeout=real_timeout
        ^^^^^^^^^^^^^^^^^^^^^^^^^^^^^^^^^^^^^^^^
    )
    ^
  File "/Users/yanyang/opt/anaconda3/envs/hummingbot/envs/hummingbot/lib/python3.13/site-packages/aiohttp/connector.py", line 672, in connect
    proto = await self._create_connection(req, traces, timeout)
            ^^^^^^^^^^^^^^^^^^^^^^^^^^^^^^^^^^^^^^^^^^^^^^^^^^^
  File "/Users/yanyang/opt/anaconda3/envs/hummingbot/envs/hummingbot/lib/python3.13/site-packages/aiohttp/connector.py", line 1239, in _create_connection
    _, proto = await self._create_direct_connection(req, traces, timeout)
               ^^^^^^^^^^^^^^^^^^^^^^^^^^^^^^^^^^^^^^^^^^^^^^^^^^^^^^^^^^
  File "/Users/yanyang/opt/anaconda3/envs/hummingbot/envs/hummingbot/lib/python3.13/site-packages/aiohttp/connector.py", line 1611, in _create_direct_connection
    raise last_exc
  File "/Users/yanyang/opt/anaconda3/envs/hummingbot/envs/hummingbot/lib/python3.13/site-packages/aiohttp/connector.py", line 1580, in _create_direct_connection
    transp, proto = await self._wrap_create_connection(
                    ^^^^^^^^^^^^^^^^^^^^^^^^^^^^^^^^^^^
    ...<7 lines>...
    )
    ^
  File "/Users/yanyang/opt/anaconda3/envs/hummingbot/envs/hummingbot/lib/python3.13/site-packages/aiohttp/connector.py", line 1321, in _wrap_create_connection
    raise client_error(req.connection_key, exc) from exc
aiohttp.client_exceptions.ClientConnectorError: Cannot connect to host api.kucoin.com:443 ssl:default [None]
2026-01-28 17:07:48,013 - 32726 - hummingbot.connector.exchange.binance.binance_exchange.BinanceExchange - ERROR - There was an error requesting exchange info.
Traceback (most recent call last):
  File "/Users/yanyang/opt/anaconda3/envs/hummingbot/envs/hummingbot/lib/python3.13/site-packages/aiohttp/connector.py", line 1313, in _wrap_create_connection
    return await self._loop.create_connection(*args, **kwargs, sock=sock)
           ^^^^^^^^^^^^^^^^^^^^^^^^^^^^^^^^^^^^^^^^^^^^^^^^^^^^^^^^^^^^^^
  File "/Users/yanyang/opt/anaconda3/envs/hummingbot/envs/hummingbot/lib/python3.13/asyncio/base_events.py", line 1201, in create_connection
    transport, protocol = await self._create_connection_transport(
                          ^^^^^^^^^^^^^^^^^^^^^^^^^^^^^^^^^^^^^^^^
    ...<2 lines>...
        ssl_shutdown_timeout=ssl_shutdown_timeout)
        ^^^^^^^^^^^^^^^^^^^^^^^^^^^^^^^^^^^^^^^^^^
  File "/Users/yanyang/opt/anaconda3/envs/hummingbot/envs/hummingbot/lib/python3.13/asyncio/base_events.py", line 1234, in _create_connection_transport
    await waiter
  File "/Users/yanyang/opt/anaconda3/envs/hummingbot/envs/hummingbot/lib/python3.13/asyncio/sslproto.py", line 581, in _on_handshake_complete
    raise handshake_exc
ConnectionResetError

The above exception was the direct cause of the following exception:

Traceback (most recent call last):
  File "/Users/yanyang/hummingbot-2.11.0/hummingbot/connector/exchange_py_base.py", line 1078, in _initialize_trading_pair_symbol_map
    exchange_info = await self._make_trading_pairs_request()
                    ^^^^^^^^^^^^^^^^^^^^^^^^^^^^^^^^^^^^^^^^
  File "/Users/yanyang/hummingbot-2.11.0/hummingbot/connector/exchange_py_base.py", line 1091, in _make_trading_pairs_request
    exchange_info = await self._api_get(path_url=self.trading_pairs_request_path)
                    ^^^^^^^^^^^^^^^^^^^^^^^^^^^^^^^^^^^^^^^^^^^^^^^^^^^^^^^^^^^^^
  File "/Users/yanyang/hummingbot-2.11.0/hummingbot/connector/exchange_py_base.py", line 868, in _api_get
    return await self._api_request(*args, **kwargs)
           ^^^^^^^^^^^^^^^^^^^^^^^^^^^^^^^^^^^^^^^^
  File "/Users/yanyang/hummingbot-2.11.0/hummingbot/connector/exchange_py_base.py", line 911, in _api_request
    request_result = await rest_assistant.execute_request(
                     ^^^^^^^^^^^^^^^^^^^^^^^^^^^^^^^^^^^^^
    ...<8 lines>...
    )
    ^
  File "/Users/yanyang/hummingbot-2.11.0/hummingbot/core/web_assistant/rest_assistant.py", line 48, in execute_request
    response = await self.execute_request_and_get_response(
               ^^^^^^^^^^^^^^^^^^^^^^^^^^^^^^^^^^^^^^^^^^^^
    ...<9 lines>...
    )
    ^
  File "/Users/yanyang/hummingbot-2.11.0/hummingbot/core/web_assistant/rest_assistant.py", line 95, in execute_request_and_get_response
    response = await self.call(request=request, timeout=timeout)
               ^^^^^^^^^^^^^^^^^^^^^^^^^^^^^^^^^^^^^^^^^^^^^^^^^
  File "/Users/yanyang/hummingbot-2.11.0/hummingbot/core/web_assistant/rest_assistant.py", line 109, in call
    resp = await wait_for(self._connection.call(request), timeout)
           ^^^^^^^^^^^^^^^^^^^^^^^^^^^^^^^^^^^^^^^^^^^^^^^^^^^^^^^
  File "/Users/yanyang/opt/anaconda3/envs/hummingbot/envs/hummingbot/lib/python3.13/asyncio/tasks.py", line 507, in wait_for
    return await fut
           ^^^^^^^^^
  File "/Users/yanyang/hummingbot-2.11.0/hummingbot/core/web_assistant/connections/rest_connection.py", line 10, in call
    aiohttp_resp = await self._client_session.request(
                   ^^^^^^^^^^^^^^^^^^^^^^^^^^^^^^^^^^^
    ...<5 lines>...
    )
    ^
  File "/Users/yanyang/opt/anaconda3/envs/hummingbot/envs/hummingbot/lib/python3.13/site-packages/aiohttp/client.py", line 779, in _request
    resp = await handler(req)
           ^^^^^^^^^^^^^^^^^^
  File "/Users/yanyang/opt/anaconda3/envs/hummingbot/envs/hummingbot/lib/python3.13/site-packages/aiohttp/client.py", line 734, in _connect_and_send_request
    conn = await self._connector.connect(
           ^^^^^^^^^^^^^^^^^^^^^^^^^^^^^^
        req, traces=traces, timeout=real_timeout
        ^^^^^^^^^^^^^^^^^^^^^^^^^^^^^^^^^^^^^^^^
    )
    ^
  File "/Users/yanyang/opt/anaconda3/envs/hummingbot/envs/hummingbot/lib/python3.13/site-packages/aiohttp/connector.py", line 672, in connect
    proto = await self._create_connection(req, traces, timeout)
            ^^^^^^^^^^^^^^^^^^^^^^^^^^^^^^^^^^^^^^^^^^^^^^^^^^^
  File "/Users/yanyang/opt/anaconda3/envs/hummingbot/envs/hummingbot/lib/python3.13/site-packages/aiohttp/connector.py", line 1239, in _create_connection
    _, proto = await self._create_direct_connection(req, traces, timeout)
               ^^^^^^^^^^^^^^^^^^^^^^^^^^^^^^^^^^^^^^^^^^^^^^^^^^^^^^^^^^
  File "/Users/yanyang/opt/anaconda3/envs/hummingbot/envs/hummingbot/lib/python3.13/site-packages/aiohttp/connector.py", line 1611, in _create_direct_connection
    raise last_exc
  File "/Users/yanyang/opt/anaconda3/envs/hummingbot/envs/hummingbot/lib/python3.13/site-packages/aiohttp/connector.py", line 1580, in _create_direct_connection
    transp, proto = await self._wrap_create_connection(
                    ^^^^^^^^^^^^^^^^^^^^^^^^^^^^^^^^^^^
    ...<7 lines>...
    )
    ^
  File "/Users/yanyang/opt/anaconda3/envs/hummingbot/envs/hummingbot/lib/python3.13/site-packages/aiohttp/connector.py", line 1321, in _wrap_create_connection
    raise client_error(req.connection_key, exc) from exc
aiohttp.client_exceptions.ClientConnectorError: Cannot connect to host api.binance.com:443 ssl:default [None]
2026-01-28 22:30:24,674 - 40218 - hummingbot.connector.exchange.kraken.kraken_exchange.KrakenExchange - ERROR - There was an error requesting exchange info.
Traceback (most recent call last):
  File "/Users/yanyang/opt/anaconda3/envs/hummingbot/envs/hummingbot/lib/python3.13/site-packages/aiohttp/connector.py", line 1313, in _wrap_create_connection
    return await self._loop.create_connection(*args, **kwargs, sock=sock)
           ^^^^^^^^^^^^^^^^^^^^^^^^^^^^^^^^^^^^^^^^^^^^^^^^^^^^^^^^^^^^^^
  File "/Users/yanyang/opt/anaconda3/envs/hummingbot/envs/hummingbot/lib/python3.13/asyncio/base_events.py", line 1201, in create_connection
    transport, protocol = await self._create_connection_transport(
                          ^^^^^^^^^^^^^^^^^^^^^^^^^^^^^^^^^^^^^^^^
    ...<2 lines>...
        ssl_shutdown_timeout=ssl_shutdown_timeout)
        ^^^^^^^^^^^^^^^^^^^^^^^^^^^^^^^^^^^^^^^^^^
  File "/Users/yanyang/opt/anaconda3/envs/hummingbot/envs/hummingbot/lib/python3.13/asyncio/base_events.py", line 1234, in _create_connection_transport
    await waiter
  File "/Users/yanyang/opt/anaconda3/envs/hummingbot/envs/hummingbot/lib/python3.13/asyncio/sslproto.py", line 581, in _on_handshake_complete
    raise handshake_exc
ConnectionResetError

The above exception was the direct cause of the following exception:

Traceback (most recent call last):
  File "/Users/yanyang/hummingbot-2.11.0/hummingbot/connector/exchange_py_base.py", line 1078, in _initialize_trading_pair_symbol_map
    exchange_info = await self._make_trading_pairs_request()
                    ^^^^^^^^^^^^^^^^^^^^^^^^^^^^^^^^^^^^^^^^
  File "/Users/yanyang/hummingbot-2.11.0/hummingbot/connector/exchange_py_base.py", line 1091, in _make_trading_pairs_request
    exchange_info = await self._api_get(path_url=self.trading_pairs_request_path)
                    ^^^^^^^^^^^^^^^^^^^^^^^^^^^^^^^^^^^^^^^^^^^^^^^^^^^^^^^^^^^^^
  File "/Users/yanyang/hummingbot-2.11.0/hummingbot/connector/exchange/kraken/kraken_exchange.py", line 188, in _api_get
    return await self._api_request_with_retry(*args, **kwargs)
           ^^^^^^^^^^^^^^^^^^^^^^^^^^^^^^^^^^^^^^^^^^^^^^^^^^^
  File "/Users/yanyang/hummingbot-2.11.0/hummingbot/connector/exchange/kraken/kraken_exchange.py", line 351, in _api_request_with_retry
    raise e
  File "/Users/yanyang/hummingbot-2.11.0/hummingbot/connector/exchange/kraken/kraken_exchange.py", line 325, in _api_request_with_retry
    response_json = await self._api_request(path_url=path_url, method=method, params=params, data=data,
                    ^^^^^^^^^^^^^^^^^^^^^^^^^^^^^^^^^^^^^^^^^^^^^^^^^^^^^^^^^^^^^^^^^^^^^^^^^^^^^^^^^^^
                                            is_auth_required=is_auth_required)
                                            ^^^^^^^^^^^^^^^^^^^^^^^^^^^^^^^^^^
  File "/Users/yanyang/hummingbot-2.11.0/hummingbot/connector/exchange_py_base.py", line 911, in _api_request
    request_result = await rest_assistant.execute_request(
                     ^^^^^^^^^^^^^^^^^^^^^^^^^^^^^^^^^^^^^
    ...<8 lines>...
    )
    ^
  File "/Users/yanyang/hummingbot-2.11.0/hummingbot/core/web_assistant/rest_assistant.py", line 48, in execute_request
    response = await self.execute_request_and_get_response(
               ^^^^^^^^^^^^^^^^^^^^^^^^^^^^^^^^^^^^^^^^^^^^
    ...<9 lines>...
    )
    ^
  File "/Users/yanyang/hummingbot-2.11.0/hummingbot/core/web_assistant/rest_assistant.py", line 95, in execute_request_and_get_response
    response = await self.call(request=request, timeout=timeout)
               ^^^^^^^^^^^^^^^^^^^^^^^^^^^^^^^^^^^^^^^^^^^^^^^^^
  File "/Users/yanyang/hummingbot-2.11.0/hummingbot/core/web_assistant/rest_assistant.py", line 109, in call
    resp = await wait_for(self._connection.call(request), timeout)
           ^^^^^^^^^^^^^^^^^^^^^^^^^^^^^^^^^^^^^^^^^^^^^^^^^^^^^^^
  File "/Users/yanyang/opt/anaconda3/envs/hummingbot/envs/hummingbot/lib/python3.13/asyncio/tasks.py", line 507, in wait_for
    return await fut
           ^^^^^^^^^
  File "/Users/yanyang/hummingbot-2.11.0/hummingbot/core/web_assistant/connections/rest_connection.py", line 10, in call
    aiohttp_resp = await self._client_session.request(
                   ^^^^^^^^^^^^^^^^^^^^^^^^^^^^^^^^^^^
    ...<5 lines>...
    )
    ^
  File "/Users/yanyang/opt/anaconda3/envs/hummingbot/envs/hummingbot/lib/python3.13/site-packages/aiohttp/client.py", line 779, in _request
    resp = await handler(req)
           ^^^^^^^^^^^^^^^^^^
  File "/Users/yanyang/opt/anaconda3/envs/hummingbot/envs/hummingbot/lib/python3.13/site-packages/aiohttp/client.py", line 734, in _connect_and_send_request
    conn = await self._connector.connect(
           ^^^^^^^^^^^^^^^^^^^^^^^^^^^^^^
        req, traces=traces, timeout=real_timeout
        ^^^^^^^^^^^^^^^^^^^^^^^^^^^^^^^^^^^^^^^^
    )
    ^
  File "/Users/yanyang/opt/anaconda3/envs/hummingbot/envs/hummingbot/lib/python3.13/site-packages/aiohttp/connector.py", line 672, in connect
    proto = await self._create_connection(req, traces, timeout)
            ^^^^^^^^^^^^^^^^^^^^^^^^^^^^^^^^^^^^^^^^^^^^^^^^^^^
  File "/Users/yanyang/opt/anaconda3/envs/hummingbot/envs/hummingbot/lib/python3.13/site-packages/aiohttp/connector.py", line 1239, in _create_connection
    _, proto = await self._create_direct_connection(req, traces, timeout)
               ^^^^^^^^^^^^^^^^^^^^^^^^^^^^^^^^^^^^^^^^^^^^^^^^^^^^^^^^^^
  File "/Users/yanyang/opt/anaconda3/envs/hummingbot/envs/hummingbot/lib/python3.13/site-packages/aiohttp/connector.py", line 1611, in _create_direct_connection
    raise last_exc
  File "/Users/yanyang/opt/anaconda3/envs/hummingbot/envs/hummingbot/lib/python3.13/site-packages/aiohttp/connector.py", line 1580, in _create_direct_connection
    transp, proto = await self._wrap_create_connection(
                    ^^^^^^^^^^^^^^^^^^^^^^^^^^^^^^^^^^^
    ...<7 lines>...
    )
    ^
  File "/Users/yanyang/opt/anaconda3/envs/hummingbot/envs/hummingbot/lib/python3.13/site-packages/aiohttp/connector.py", line 1321, in _wrap_create_connection
    raise client_error(req.connection_key, exc) from exc
aiohttp.client_exceptions.ClientConnectorError: Cannot connect to host api.kraken.com:443 ssl:default [None]
2026-01-28 22:30:24,690 - 40218 - hummingbot.connector.time_synchronizer - NETWORK - Error getting server time.
Traceback (most recent call last):
  File "/Users/yanyang/opt/anaconda3/envs/hummingbot/envs/hummingbot/lib/python3.13/site-packages/aiohttp/connector.py", line 1313, in _wrap_create_connection
    return await self._loop.create_connection(*args, **kwargs, sock=sock)
           ^^^^^^^^^^^^^^^^^^^^^^^^^^^^^^^^^^^^^^^^^^^^^^^^^^^^^^^^^^^^^^
  File "/Users/yanyang/opt/anaconda3/envs/hummingbot/envs/hummingbot/lib/python3.13/asyncio/base_events.py", line 1201, in create_connection
    transport, protocol = await self._create_connection_transport(
                          ^^^^^^^^^^^^^^^^^^^^^^^^^^^^^^^^^^^^^^^^
    ...<2 lines>...
        ssl_shutdown_timeout=ssl_shutdown_timeout)
        ^^^^^^^^^^^^^^^^^^^^^^^^^^^^^^^^^^^^^^^^^^
  File "/Users/yanyang/opt/anaconda3/envs/hummingbot/envs/hummingbot/lib/python3.13/asyncio/base_events.py", line 1234, in _create_connection_transport
    await waiter
  File "/Users/yanyang/opt/anaconda3/envs/hummingbot/envs/hummingbot/lib/python3.13/asyncio/sslproto.py", line 581, in _on_handshake_complete
    raise handshake_exc
ConnectionResetError

The above exception was the direct cause of the following exception:

Traceback (most recent call last):
  File "/Users/yanyang/hummingbot-2.11.0/hummingbot/connector/time_synchronizer.py", line 66, in update_server_time_offset_with_time_provider
    server_time_ms: float = await time_provider
                            ^^^^^^^^^^^^^^^^^^^
  File "/Users/yanyang/hummingbot-2.11.0/hummingbot/connector/exchange/kucoin/kucoin_web_utils.py", line 74, in get_current_server_time
    response = await rest_assistant.execute_request(
               ^^^^^^^^^^^^^^^^^^^^^^^^^^^^^^^^^^^^^
    ...<3 lines>...
    )
    ^
  File "/Users/yanyang/hummingbot-2.11.0/hummingbot/core/web_assistant/rest_assistant.py", line 48, in execute_request
    response = await self.execute_request_and_get_response(
               ^^^^^^^^^^^^^^^^^^^^^^^^^^^^^^^^^^^^^^^^^^^^
    ...<9 lines>...
    )
    ^
  File "/Users/yanyang/hummingbot-2.11.0/hummingbot/core/web_assistant/rest_assistant.py", line 95, in execute_request_and_get_response
    response = await self.call(request=request, timeout=timeout)
               ^^^^^^^^^^^^^^^^^^^^^^^^^^^^^^^^^^^^^^^^^^^^^^^^^
  File "/Users/yanyang/hummingbot-2.11.0/hummingbot/core/web_assistant/rest_assistant.py", line 109, in call
    resp = await wait_for(self._connection.call(request), timeout)
           ^^^^^^^^^^^^^^^^^^^^^^^^^^^^^^^^^^^^^^^^^^^^^^^^^^^^^^^
  File "/Users/yanyang/opt/anaconda3/envs/hummingbot/envs/hummingbot/lib/python3.13/asyncio/tasks.py", line 507, in wait_for
    return await fut
           ^^^^^^^^^
  File "/Users/yanyang/hummingbot-2.11.0/hummingbot/core/web_assistant/connections/rest_connection.py", line 10, in call
    aiohttp_resp = await self._client_session.request(
                   ^^^^^^^^^^^^^^^^^^^^^^^^^^^^^^^^^^^
    ...<5 lines>...
    )
    ^
  File "/Users/yanyang/opt/anaconda3/envs/hummingbot/envs/hummingbot/lib/python3.13/site-packages/aiohttp/client.py", line 779, in _request
    resp = await handler(req)
           ^^^^^^^^^^^^^^^^^^
  File "/Users/yanyang/opt/anaconda3/envs/hummingbot/envs/hummingbot/lib/python3.13/site-packages/aiohttp/client.py", line 734, in _connect_and_send_request
    conn = await self._connector.connect(
           ^^^^^^^^^^^^^^^^^^^^^^^^^^^^^^
        req, traces=traces, timeout=real_timeout
        ^^^^^^^^^^^^^^^^^^^^^^^^^^^^^^^^^^^^^^^^
    )
    ^
  File "/Users/yanyang/opt/anaconda3/envs/hummingbot/envs/hummingbot/lib/python3.13/site-packages/aiohttp/connector.py", line 672, in connect
    proto = await self._create_connection(req, traces, timeout)
            ^^^^^^^^^^^^^^^^^^^^^^^^^^^^^^^^^^^^^^^^^^^^^^^^^^^
  File "/Users/yanyang/opt/anaconda3/envs/hummingbot/envs/hummingbot/lib/python3.13/site-packages/aiohttp/connector.py", line 1239, in _create_connection
    _, proto = await self._create_direct_connection(req, traces, timeout)
               ^^^^^^^^^^^^^^^^^^^^^^^^^^^^^^^^^^^^^^^^^^^^^^^^^^^^^^^^^^
  File "/Users/yanyang/opt/anaconda3/envs/hummingbot/envs/hummingbot/lib/python3.13/site-packages/aiohttp/connector.py", line 1611, in _create_direct_connection
    raise last_exc
  File "/Users/yanyang/opt/anaconda3/envs/hummingbot/envs/hummingbot/lib/python3.13/site-packages/aiohttp/connector.py", line 1580, in _create_direct_connection
    transp, proto = await self._wrap_create_connection(
                    ^^^^^^^^^^^^^^^^^^^^^^^^^^^^^^^^^^^
    ...<7 lines>...
    )
    ^
  File "/Users/yanyang/opt/anaconda3/envs/hummingbot/envs/hummingbot/lib/python3.13/site-packages/aiohttp/connector.py", line 1321, in _wrap_create_connection
    raise client_error(req.connection_key, exc) from exc
aiohttp.client_exceptions.ClientConnectorError: Cannot connect to host api.kucoin.com:443 ssl:default [None]
2026-01-28 22:30:24,695 - 40218 - hummingbot.connector.time_synchronizer - WARNING - Could not refresh server time. Check network connection.
2026-01-28 22:30:24,695 - 40218 - hummingbot.connector.time_synchronizer - NETWORK - Error getting server time.
Traceback (most recent call last):
  File "/Users/yanyang/opt/anaconda3/envs/hummingbot/envs/hummingbot/lib/python3.13/site-packages/aiohttp/connector.py", line 1313, in _wrap_create_connection
    return await self._loop.create_connection(*args, **kwargs, sock=sock)
           ^^^^^^^^^^^^^^^^^^^^^^^^^^^^^^^^^^^^^^^^^^^^^^^^^^^^^^^^^^^^^^
  File "/Users/yanyang/opt/anaconda3/envs/hummingbot/envs/hummingbot/lib/python3.13/asyncio/base_events.py", line 1201, in create_connection
    transport, protocol = await self._create_connection_transport(
                          ^^^^^^^^^^^^^^^^^^^^^^^^^^^^^^^^^^^^^^^^
    ...<2 lines>...
        ssl_shutdown_timeout=ssl_shutdown_timeout)
        ^^^^^^^^^^^^^^^^^^^^^^^^^^^^^^^^^^^^^^^^^^
  File "/Users/yanyang/opt/anaconda3/envs/hummingbot/envs/hummingbot/lib/python3.13/asyncio/base_events.py", line 1234, in _create_connection_transport
    await waiter
  File "/Users/yanyang/opt/anaconda3/envs/hummingbot/envs/hummingbot/lib/python3.13/asyncio/sslproto.py", line 581, in _on_handshake_complete
    raise handshake_exc
ConnectionResetError

The above exception was the direct cause of the following exception:

Traceback (most recent call last):
  File "/Users/yanyang/hummingbot-2.11.0/hummingbot/connector/time_synchronizer.py", line 66, in update_server_time_offset_with_time_provider
    server_time_ms: float = await time_provider
                            ^^^^^^^^^^^^^^^^^^^
  File "/Users/yanyang/hummingbot-2.11.0/hummingbot/connector/exchange/binance/binance_web_utils.py", line 69, in get_current_server_time
    response = await rest_assistant.execute_request(
               ^^^^^^^^^^^^^^^^^^^^^^^^^^^^^^^^^^^^^
    ...<3 lines>...
    )
    ^
  File "/Users/yanyang/hummingbot-2.11.0/hummingbot/core/web_assistant/rest_assistant.py", line 48, in execute_request
    response = await self.execute_request_and_get_response(
               ^^^^^^^^^^^^^^^^^^^^^^^^^^^^^^^^^^^^^^^^^^^^
    ...<9 lines>...
    )
    ^
  File "/Users/yanyang/hummingbot-2.11.0/hummingbot/core/web_assistant/rest_assistant.py", line 95, in execute_request_and_get_response
    response = await self.call(request=request, timeout=timeout)
               ^^^^^^^^^^^^^^^^^^^^^^^^^^^^^^^^^^^^^^^^^^^^^^^^^
  File "/Users/yanyang/hummingbot-2.11.0/hummingbot/core/web_assistant/rest_assistant.py", line 109, in call
    resp = await wait_for(self._connection.call(request), timeout)
           ^^^^^^^^^^^^^^^^^^^^^^^^^^^^^^^^^^^^^^^^^^^^^^^^^^^^^^^
  File "/Users/yanyang/opt/anaconda3/envs/hummingbot/envs/hummingbot/lib/python3.13/asyncio/tasks.py", line 507, in wait_for
    return await fut
           ^^^^^^^^^
  File "/Users/yanyang/hummingbot-2.11.0/hummingbot/core/web_assistant/connections/rest_connection.py", line 10, in call
    aiohttp_resp = await self._client_session.request(
                   ^^^^^^^^^^^^^^^^^^^^^^^^^^^^^^^^^^^
    ...<5 lines>...
    )
    ^
  File "/Users/yanyang/opt/anaconda3/envs/hummingbot/envs/hummingbot/lib/python3.13/site-packages/aiohttp/client.py", line 779, in _request
    resp = await handler(req)
           ^^^^^^^^^^^^^^^^^^
  File "/Users/yanyang/opt/anaconda3/envs/hummingbot/envs/hummingbot/lib/python3.13/site-packages/aiohttp/client.py", line 734, in _connect_and_send_request
    conn = await self._connector.connect(
           ^^^^^^^^^^^^^^^^^^^^^^^^^^^^^^
        req, traces=traces, timeout=real_timeout
        ^^^^^^^^^^^^^^^^^^^^^^^^^^^^^^^^^^^^^^^^
    )
    ^
  File "/Users/yanyang/opt/anaconda3/envs/hummingbot/envs/hummingbot/lib/python3.13/site-packages/aiohttp/connector.py", line 672, in connect
    proto = await self._create_connection(req, traces, timeout)
            ^^^^^^^^^^^^^^^^^^^^^^^^^^^^^^^^^^^^^^^^^^^^^^^^^^^
  File "/Users/yanyang/opt/anaconda3/envs/hummingbot/envs/hummingbot/lib/python3.13/site-packages/aiohttp/connector.py", line 1239, in _create_connection
    _, proto = await self._create_direct_connection(req, traces, timeout)
               ^^^^^^^^^^^^^^^^^^^^^^^^^^^^^^^^^^^^^^^^^^^^^^^^^^^^^^^^^^
  File "/Users/yanyang/opt/anaconda3/envs/hummingbot/envs/hummingbot/lib/python3.13/site-packages/aiohttp/connector.py", line 1611, in _create_direct_connection
    raise last_exc
  File "/Users/yanyang/opt/anaconda3/envs/hummingbot/envs/hummingbot/lib/python3.13/site-packages/aiohttp/connector.py", line 1580, in _create_direct_connection
    transp, proto = await self._wrap_create_connection(
                    ^^^^^^^^^^^^^^^^^^^^^^^^^^^^^^^^^^^
    ...<7 lines>...
    )
    ^
  File "/Users/yanyang/opt/anaconda3/envs/hummingbot/envs/hummingbot/lib/python3.13/site-packages/aiohttp/connector.py", line 1321, in _wrap_create_connection
    raise client_error(req.connection_key, exc) from exc
aiohttp.client_exceptions.ClientConnectorError: Cannot connect to host api.binance.com:443 ssl:default [None]
2026-01-28 22:30:24,699 - 40218 - hummingbot.connector.time_synchronizer - WARNING - Could not refresh server time. Check network connection.
2026-01-28 22:30:24,946 - 40218 - hummingbot.connector.exchange.binance.binance_exchange.BinanceExchange - ERROR - There was an error requesting exchange info.
Traceback (most recent call last):
  File "/Users/yanyang/opt/anaconda3/envs/hummingbot/envs/hummingbot/lib/python3.13/site-packages/aiohttp/connector.py", line 1313, in _wrap_create_connection
    return await self._loop.create_connection(*args, **kwargs, sock=sock)
           ^^^^^^^^^^^^^^^^^^^^^^^^^^^^^^^^^^^^^^^^^^^^^^^^^^^^^^^^^^^^^^
  File "/Users/yanyang/opt/anaconda3/envs/hummingbot/envs/hummingbot/lib/python3.13/asyncio/base_events.py", line 1201, in create_connection
    transport, protocol = await self._create_connection_transport(
                          ^^^^^^^^^^^^^^^^^^^^^^^^^^^^^^^^^^^^^^^^
    ...<2 lines>...
        ssl_shutdown_timeout=ssl_shutdown_timeout)
        ^^^^^^^^^^^^^^^^^^^^^^^^^^^^^^^^^^^^^^^^^^
  File "/Users/yanyang/opt/anaconda3/envs/hummingbot/envs/hummingbot/lib/python3.13/asyncio/base_events.py", line 1234, in _create_connection_transport
    await waiter
  File "/Users/yanyang/opt/anaconda3/envs/hummingbot/envs/hummingbot/lib/python3.13/asyncio/sslproto.py", line 581, in _on_handshake_complete
    raise handshake_exc
ConnectionResetError

The above exception was the direct cause of the following exception:

Traceback (most recent call last):
  File "/Users/yanyang/hummingbot-2.11.0/hummingbot/connector/exchange_py_base.py", line 1078, in _initialize_trading_pair_symbol_map
    exchange_info = await self._make_trading_pairs_request()
                    ^^^^^^^^^^^^^^^^^^^^^^^^^^^^^^^^^^^^^^^^
  File "/Users/yanyang/hummingbot-2.11.0/hummingbot/connector/exchange_py_base.py", line 1091, in _make_trading_pairs_request
    exchange_info = await self._api_get(path_url=self.trading_pairs_request_path)
                    ^^^^^^^^^^^^^^^^^^^^^^^^^^^^^^^^^^^^^^^^^^^^^^^^^^^^^^^^^^^^^
  File "/Users/yanyang/hummingbot-2.11.0/hummingbot/connector/exchange_py_base.py", line 868, in _api_get
    return await self._api_request(*args, **kwargs)
           ^^^^^^^^^^^^^^^^^^^^^^^^^^^^^^^^^^^^^^^^
  File "/Users/yanyang/hummingbot-2.11.0/hummingbot/connector/exchange_py_base.py", line 911, in _api_request
    request_result = await rest_assistant.execute_request(
                     ^^^^^^^^^^^^^^^^^^^^^^^^^^^^^^^^^^^^^
    ...<8 lines>...
    )
    ^
  File "/Users/yanyang/hummingbot-2.11.0/hummingbot/core/web_assistant/rest_assistant.py", line 48, in execute_request
    response = await self.execute_request_and_get_response(
               ^^^^^^^^^^^^^^^^^^^^^^^^^^^^^^^^^^^^^^^^^^^^
    ...<9 lines>...
    )
    ^
  File "/Users/yanyang/hummingbot-2.11.0/hummingbot/core/web_assistant/rest_assistant.py", line 95, in execute_request_and_get_response
    response = await self.call(request=request, timeout=timeout)
               ^^^^^^^^^^^^^^^^^^^^^^^^^^^^^^^^^^^^^^^^^^^^^^^^^
  File "/Users/yanyang/hummingbot-2.11.0/hummingbot/core/web_assistant/rest_assistant.py", line 109, in call
    resp = await wait_for(self._connection.call(request), timeout)
           ^^^^^^^^^^^^^^^^^^^^^^^^^^^^^^^^^^^^^^^^^^^^^^^^^^^^^^^
  File "/Users/yanyang/opt/anaconda3/envs/hummingbot/envs/hummingbot/lib/python3.13/asyncio/tasks.py", line 507, in wait_for
    return await fut
           ^^^^^^^^^
  File "/Users/yanyang/hummingbot-2.11.0/hummingbot/core/web_assistant/connections/rest_connection.py", line 10, in call
    aiohttp_resp = await self._client_session.request(
                   ^^^^^^^^^^^^^^^^^^^^^^^^^^^^^^^^^^^
    ...<5 lines>...
    )
    ^
  File "/Users/yanyang/opt/anaconda3/envs/hummingbot/envs/hummingbot/lib/python3.13/site-packages/aiohttp/client.py", line 779, in _request
    resp = await handler(req)
           ^^^^^^^^^^^^^^^^^^
  File "/Users/yanyang/opt/anaconda3/envs/hummingbot/envs/hummingbot/lib/python3.13/site-packages/aiohttp/client.py", line 734, in _connect_and_send_request
    conn = await self._connector.connect(
           ^^^^^^^^^^^^^^^^^^^^^^^^^^^^^^
        req, traces=traces, timeout=real_timeout
        ^^^^^^^^^^^^^^^^^^^^^^^^^^^^^^^^^^^^^^^^
    )
    ^
  File "/Users/yanyang/opt/anaconda3/envs/hummingbot/envs/hummingbot/lib/python3.13/site-packages/aiohttp/connector.py", line 672, in connect
    proto = await self._create_connection(req, traces, timeout)
            ^^^^^^^^^^^^^^^^^^^^^^^^^^^^^^^^^^^^^^^^^^^^^^^^^^^
  File "/Users/yanyang/opt/anaconda3/envs/hummingbot/envs/hummingbot/lib/python3.13/site-packages/aiohttp/connector.py", line 1239, in _create_connection
    _, proto = await self._create_direct_connection(req, traces, timeout)
               ^^^^^^^^^^^^^^^^^^^^^^^^^^^^^^^^^^^^^^^^^^^^^^^^^^^^^^^^^^
  File "/Users/yanyang/opt/anaconda3/envs/hummingbot/envs/hummingbot/lib/python3.13/site-packages/aiohttp/connector.py", line 1611, in _create_direct_connection
    raise last_exc
  File "/Users/yanyang/opt/anaconda3/envs/hummingbot/envs/hummingbot/lib/python3.13/site-packages/aiohttp/connector.py", line 1580, in _create_direct_connection
    transp, proto = await self._wrap_create_connection(
                    ^^^^^^^^^^^^^^^^^^^^^^^^^^^^^^^^^^^
    ...<7 lines>...
    )
    ^
  File "/Users/yanyang/opt/anaconda3/envs/hummingbot/envs/hummingbot/lib/python3.13/site-packages/aiohttp/connector.py", line 1321, in _wrap_create_connection
    raise client_error(req.connection_key, exc) from exc
aiohttp.client_exceptions.ClientConnectorError: Cannot connect to host api.binance.com:443 ssl:default [None]
2026-01-28 22:30:29,700 - 40218 - hummingbot.connector.exchange.kucoin.kucoin_exchange.KucoinExchange - ERROR - There was an error requesting exchange info.
Traceback (most recent call last):
  File "/Users/yanyang/opt/anaconda3/envs/hummingbot/envs/hummingbot/lib/python3.13/site-packages/aiohttp/connector.py", line 1313, in _wrap_create_connection
    return await self._loop.create_connection(*args, **kwargs, sock=sock)
           ^^^^^^^^^^^^^^^^^^^^^^^^^^^^^^^^^^^^^^^^^^^^^^^^^^^^^^^^^^^^^^
  File "/Users/yanyang/opt/anaconda3/envs/hummingbot/envs/hummingbot/lib/python3.13/asyncio/base_events.py", line 1201, in create_connection
    transport, protocol = await self._create_connection_transport(
                          ^^^^^^^^^^^^^^^^^^^^^^^^^^^^^^^^^^^^^^^^
    ...<2 lines>...
        ssl_shutdown_timeout=ssl_shutdown_timeout)
        ^^^^^^^^^^^^^^^^^^^^^^^^^^^^^^^^^^^^^^^^^^
  File "/Users/yanyang/opt/anaconda3/envs/hummingbot/envs/hummingbot/lib/python3.13/asyncio/base_events.py", line 1234, in _create_connection_transport
    await waiter
  File "/Users/yanyang/opt/anaconda3/envs/hummingbot/envs/hummingbot/lib/python3.13/asyncio/sslproto.py", line 581, in _on_handshake_complete
    raise handshake_exc
ConnectionResetError

The above exception was the direct cause of the following exception:

Traceback (most recent call last):
  File "/Users/yanyang/hummingbot-2.11.0/hummingbot/connector/exchange_py_base.py", line 1078, in _initialize_trading_pair_symbol_map
    exchange_info = await self._make_trading_pairs_request()
                    ^^^^^^^^^^^^^^^^^^^^^^^^^^^^^^^^^^^^^^^^
  File "/Users/yanyang/hummingbot-2.11.0/hummingbot/connector/exchange_py_base.py", line 1091, in _make_trading_pairs_request
    exchange_info = await self._api_get(path_url=self.trading_pairs_request_path)
                    ^^^^^^^^^^^^^^^^^^^^^^^^^^^^^^^^^^^^^^^^^^^^^^^^^^^^^^^^^^^^^
  File "/Users/yanyang/hummingbot-2.11.0/hummingbot/connector/exchange_py_base.py", line 868, in _api_get
    return await self._api_request(*args, **kwargs)
           ^^^^^^^^^^^^^^^^^^^^^^^^^^^^^^^^^^^^^^^^
  File "/Users/yanyang/hummingbot-2.11.0/hummingbot/connector/exchange_py_base.py", line 911, in _api_request
    request_result = await rest_assistant.execute_request(
                     ^^^^^^^^^^^^^^^^^^^^^^^^^^^^^^^^^^^^^
    ...<8 lines>...
    )
    ^
  File "/Users/yanyang/hummingbot-2.11.0/hummingbot/core/web_assistant/rest_assistant.py", line 48, in execute_request
    response = await self.execute_request_and_get_response(
               ^^^^^^^^^^^^^^^^^^^^^^^^^^^^^^^^^^^^^^^^^^^^
    ...<9 lines>...
    )
    ^
  File "/Users/yanyang/hummingbot-2.11.0/hummingbot/core/web_assistant/rest_assistant.py", line 95, in execute_request_and_get_response
    response = await self.call(request=request, timeout=timeout)
               ^^^^^^^^^^^^^^^^^^^^^^^^^^^^^^^^^^^^^^^^^^^^^^^^^
  File "/Users/yanyang/hummingbot-2.11.0/hummingbot/core/web_assistant/rest_assistant.py", line 109, in call
    resp = await wait_for(self._connection.call(request), timeout)
           ^^^^^^^^^^^^^^^^^^^^^^^^^^^^^^^^^^^^^^^^^^^^^^^^^^^^^^^
  File "/Users/yanyang/opt/anaconda3/envs/hummingbot/envs/hummingbot/lib/python3.13/asyncio/tasks.py", line 507, in wait_for
    return await fut
           ^^^^^^^^^
  File "/Users/yanyang/hummingbot-2.11.0/hummingbot/core/web_assistant/connections/rest_connection.py", line 10, in call
    aiohttp_resp = await self._client_session.request(
                   ^^^^^^^^^^^^^^^^^^^^^^^^^^^^^^^^^^^
    ...<5 lines>...
    )
    ^
  File "/Users/yanyang/opt/anaconda3/envs/hummingbot/envs/hummingbot/lib/python3.13/site-packages/aiohttp/client.py", line 779, in _request
    resp = await handler(req)
           ^^^^^^^^^^^^^^^^^^
  File "/Users/yanyang/opt/anaconda3/envs/hummingbot/envs/hummingbot/lib/python3.13/site-packages/aiohttp/client.py", line 734, in _connect_and_send_request
    conn = await self._connector.connect(
           ^^^^^^^^^^^^^^^^^^^^^^^^^^^^^^
        req, traces=traces, timeout=real_timeout
        ^^^^^^^^^^^^^^^^^^^^^^^^^^^^^^^^^^^^^^^^
    )
    ^
  File "/Users/yanyang/opt/anaconda3/envs/hummingbot/envs/hummingbot/lib/python3.13/site-packages/aiohttp/connector.py", line 672, in connect
    proto = await self._create_connection(req, traces, timeout)
            ^^^^^^^^^^^^^^^^^^^^^^^^^^^^^^^^^^^^^^^^^^^^^^^^^^^
  File "/Users/yanyang/opt/anaconda3/envs/hummingbot/envs/hummingbot/lib/python3.13/site-packages/aiohttp/connector.py", line 1239, in _create_connection
    _, proto = await self._create_direct_connection(req, traces, timeout)
               ^^^^^^^^^^^^^^^^^^^^^^^^^^^^^^^^^^^^^^^^^^^^^^^^^^^^^^^^^^
  File "/Users/yanyang/opt/anaconda3/envs/hummingbot/envs/hummingbot/lib/python3.13/site-packages/aiohttp/connector.py", line 1611, in _create_direct_connection
    raise last_exc
  File "/Users/yanyang/opt/anaconda3/envs/hummingbot/envs/hummingbot/lib/python3.13/site-packages/aiohttp/connector.py", line 1580, in _create_direct_connection
    transp, proto = await self._wrap_create_connection(
                    ^^^^^^^^^^^^^^^^^^^^^^^^^^^^^^^^^^^
    ...<7 lines>...
    )
    ^
  File "/Users/yanyang/opt/anaconda3/envs/hummingbot/envs/hummingbot/lib/python3.13/site-packages/aiohttp/connector.py", line 1321, in _wrap_create_connection
    raise client_error(req.connection_key, exc) from exc
aiohttp.client_exceptions.ClientConnectorError: Cannot connect to host api.kucoin.com:443 ssl:default [None]
2026-01-28 22:42:36,050 - 40218 - hummingbot.connector.time_synchronizer - NETWORK - Error getting server time.
Traceback (most recent call last):
  File "/Users/yanyang/opt/anaconda3/envs/hummingbot/envs/hummingbot/lib/python3.13/site-packages/aiohttp/connector.py", line 1313, in _wrap_create_connection
    return await self._loop.create_connection(*args, **kwargs, sock=sock)
           ^^^^^^^^^^^^^^^^^^^^^^^^^^^^^^^^^^^^^^^^^^^^^^^^^^^^^^^^^^^^^^
  File "/Users/yanyang/opt/anaconda3/envs/hummingbot/envs/hummingbot/lib/python3.13/asyncio/base_events.py", line 1201, in create_connection
    transport, protocol = await self._create_connection_transport(
                          ^^^^^^^^^^^^^^^^^^^^^^^^^^^^^^^^^^^^^^^^
    ...<2 lines>...
        ssl_shutdown_timeout=ssl_shutdown_timeout)
        ^^^^^^^^^^^^^^^^^^^^^^^^^^^^^^^^^^^^^^^^^^
  File "/Users/yanyang/opt/anaconda3/envs/hummingbot/envs/hummingbot/lib/python3.13/asyncio/base_events.py", line 1234, in _create_connection_transport
    await waiter
  File "/Users/yanyang/opt/anaconda3/envs/hummingbot/envs/hummingbot/lib/python3.13/asyncio/sslproto.py", line 581, in _on_handshake_complete
    raise handshake_exc
ConnectionResetError

The above exception was the direct cause of the following exception:

Traceback (most recent call last):
  File "/Users/yanyang/hummingbot-2.11.0/hummingbot/connector/time_synchronizer.py", line 66, in update_server_time_offset_with_time_provider
    server_time_ms: float = await time_provider
                            ^^^^^^^^^^^^^^^^^^^
  File "/Users/yanyang/hummingbot-2.11.0/hummingbot/connector/exchange/binance/binance_web_utils.py", line 69, in get_current_server_time
    response = await rest_assistant.execute_request(
               ^^^^^^^^^^^^^^^^^^^^^^^^^^^^^^^^^^^^^
    ...<3 lines>...
    )
    ^
  File "/Users/yanyang/hummingbot-2.11.0/hummingbot/core/web_assistant/rest_assistant.py", line 48, in execute_request
    response = await self.execute_request_and_get_response(
               ^^^^^^^^^^^^^^^^^^^^^^^^^^^^^^^^^^^^^^^^^^^^
    ...<9 lines>...
    )
    ^
  File "/Users/yanyang/hummingbot-2.11.0/hummingbot/core/web_assistant/rest_assistant.py", line 95, in execute_request_and_get_response
    response = await self.call(request=request, timeout=timeout)
               ^^^^^^^^^^^^^^^^^^^^^^^^^^^^^^^^^^^^^^^^^^^^^^^^^
  File "/Users/yanyang/hummingbot-2.11.0/hummingbot/core/web_assistant/rest_assistant.py", line 109, in call
    resp = await wait_for(self._connection.call(request), timeout)
           ^^^^^^^^^^^^^^^^^^^^^^^^^^^^^^^^^^^^^^^^^^^^^^^^^^^^^^^
  File "/Users/yanyang/opt/anaconda3/envs/hummingbot/envs/hummingbot/lib/python3.13/asyncio/tasks.py", line 507, in wait_for
    return await fut
           ^^^^^^^^^
  File "/Users/yanyang/hummingbot-2.11.0/hummingbot/core/web_assistant/connections/rest_connection.py", line 10, in call
    aiohttp_resp = await self._client_session.request(
                   ^^^^^^^^^^^^^^^^^^^^^^^^^^^^^^^^^^^
    ...<5 lines>...
    )
    ^
  File "/Users/yanyang/opt/anaconda3/envs/hummingbot/envs/hummingbot/lib/python3.13/site-packages/aiohttp/client.py", line 779, in _request
    resp = await handler(req)
           ^^^^^^^^^^^^^^^^^^
  File "/Users/yanyang/opt/anaconda3/envs/hummingbot/envs/hummingbot/lib/python3.13/site-packages/aiohttp/client.py", line 734, in _connect_and_send_request
    conn = await self._connector.connect(
           ^^^^^^^^^^^^^^^^^^^^^^^^^^^^^^
        req, traces=traces, timeout=real_timeout
        ^^^^^^^^^^^^^^^^^^^^^^^^^^^^^^^^^^^^^^^^
    )
    ^
  File "/Users/yanyang/opt/anaconda3/envs/hummingbot/envs/hummingbot/lib/python3.13/site-packages/aiohttp/connector.py", line 672, in connect
    proto = await self._create_connection(req, traces, timeout)
            ^^^^^^^^^^^^^^^^^^^^^^^^^^^^^^^^^^^^^^^^^^^^^^^^^^^
  File "/Users/yanyang/opt/anaconda3/envs/hummingbot/envs/hummingbot/lib/python3.13/site-packages/aiohttp/connector.py", line 1239, in _create_connection
    _, proto = await self._create_direct_connection(req, traces, timeout)
               ^^^^^^^^^^^^^^^^^^^^^^^^^^^^^^^^^^^^^^^^^^^^^^^^^^^^^^^^^^
  File "/Users/yanyang/opt/anaconda3/envs/hummingbot/envs/hummingbot/lib/python3.13/site-packages/aiohttp/connector.py", line 1611, in _create_direct_connection
    raise last_exc
  File "/Users/yanyang/opt/anaconda3/envs/hummingbot/envs/hummingbot/lib/python3.13/site-packages/aiohttp/connector.py", line 1580, in _create_direct_connection
    transp, proto = await self._wrap_create_connection(
                    ^^^^^^^^^^^^^^^^^^^^^^^^^^^^^^^^^^^
    ...<7 lines>...
    )
    ^
  File "/Users/yanyang/opt/anaconda3/envs/hummingbot/envs/hummingbot/lib/python3.13/site-packages/aiohttp/connector.py", line 1321, in _wrap_create_connection
    raise client_error(req.connection_key, exc) from exc
aiohttp.client_exceptions.ClientConnectorError: Cannot connect to host api.binance.com:443 ssl:default [None]
2026-01-28 22:42:36,056 - 40218 - hummingbot.connector.time_synchronizer - WARNING - Could not refresh server time. Check network connection.
2026-01-28 22:42:41,059 - 40218 - hummingbot.core.rate_oracle.sources.rate_source_base - ERROR - Unexpected error while retrieving rates from Binance. Check the log file for more info.
Traceback (most recent call last):
  File "/Users/yanyang/opt/anaconda3/envs/hummingbot/envs/hummingbot/lib/python3.13/site-packages/aiohttp/connector.py", line 1313, in _wrap_create_connection
    return await self._loop.create_connection(*args, **kwargs, sock=sock)
           ^^^^^^^^^^^^^^^^^^^^^^^^^^^^^^^^^^^^^^^^^^^^^^^^^^^^^^^^^^^^^^
  File "/Users/yanyang/opt/anaconda3/envs/hummingbot/envs/hummingbot/lib/python3.13/asyncio/base_events.py", line 1201, in create_connection
    transport, protocol = await self._create_connection_transport(
                          ^^^^^^^^^^^^^^^^^^^^^^^^^^^^^^^^^^^^^^^^
    ...<2 lines>...
        ssl_shutdown_timeout=ssl_shutdown_timeout)
        ^^^^^^^^^^^^^^^^^^^^^^^^^^^^^^^^^^^^^^^^^^
  File "/Users/yanyang/opt/anaconda3/envs/hummingbot/envs/hummingbot/lib/python3.13/asyncio/base_events.py", line 1234, in _create_connection_transport
    await waiter
  File "/Users/yanyang/opt/anaconda3/envs/hummingbot/envs/hummingbot/lib/python3.13/asyncio/sslproto.py", line 581, in _on_handshake_complete
    raise handshake_exc
ConnectionResetError

The above exception was the direct cause of the following exception:

Traceback (most recent call last):
  File "/Users/yanyang/hummingbot-2.11.0/hummingbot/core/rate_oracle/sources/binance_rate_source.py", line 54, in _get_binance_prices
    pairs_prices = await exchange.get_all_pairs_prices()
                   ^^^^^^^^^^^^^^^^^^^^^^^^^^^^^^^^^^^^^
  File "/Users/yanyang/hummingbot-2.11.0/hummingbot/connector/exchange/binance/binance_exchange.py", line 118, in get_all_pairs_prices
    pairs_prices = await self._api_get(path_url=CONSTANTS.TICKER_BOOK_PATH_URL)
                   ^^^^^^^^^^^^^^^^^^^^^^^^^^^^^^^^^^^^^^^^^^^^^^^^^^^^^^^^^^^^
  File "/Users/yanyang/hummingbot-2.11.0/hummingbot/connector/exchange_py_base.py", line 868, in _api_get
    return await self._api_request(*args, **kwargs)
           ^^^^^^^^^^^^^^^^^^^^^^^^^^^^^^^^^^^^^^^^
  File "/Users/yanyang/hummingbot-2.11.0/hummingbot/connector/exchange_py_base.py", line 911, in _api_request
    request_result = await rest_assistant.execute_request(
                     ^^^^^^^^^^^^^^^^^^^^^^^^^^^^^^^^^^^^^
    ...<8 lines>...
    )
    ^
  File "/Users/yanyang/hummingbot-2.11.0/hummingbot/core/web_assistant/rest_assistant.py", line 48, in execute_request
    response = await self.execute_request_and_get_response(
               ^^^^^^^^^^^^^^^^^^^^^^^^^^^^^^^^^^^^^^^^^^^^
    ...<9 lines>...
    )
    ^
  File "/Users/yanyang/hummingbot-2.11.0/hummingbot/core/web_assistant/rest_assistant.py", line 95, in execute_request_and_get_response
    response = await self.call(request=request, timeout=timeout)
               ^^^^^^^^^^^^^^^^^^^^^^^^^^^^^^^^^^^^^^^^^^^^^^^^^
  File "/Users/yanyang/hummingbot-2.11.0/hummingbot/core/web_assistant/rest_assistant.py", line 109, in call
    resp = await wait_for(self._connection.call(request), timeout)
           ^^^^^^^^^^^^^^^^^^^^^^^^^^^^^^^^^^^^^^^^^^^^^^^^^^^^^^^
  File "/Users/yanyang/opt/anaconda3/envs/hummingbot/envs/hummingbot/lib/python3.13/asyncio/tasks.py", line 507, in wait_for
    return await fut
           ^^^^^^^^^
  File "/Users/yanyang/hummingbot-2.11.0/hummingbot/core/web_assistant/connections/rest_connection.py", line 10, in call
    aiohttp_resp = await self._client_session.request(
                   ^^^^^^^^^^^^^^^^^^^^^^^^^^^^^^^^^^^
    ...<5 lines>...
    )
    ^
  File "/Users/yanyang/opt/anaconda3/envs/hummingbot/envs/hummingbot/lib/python3.13/site-packages/aiohttp/client.py", line 779, in _request
    resp = await handler(req)
           ^^^^^^^^^^^^^^^^^^
  File "/Users/yanyang/opt/anaconda3/envs/hummingbot/envs/hummingbot/lib/python3.13/site-packages/aiohttp/client.py", line 734, in _connect_and_send_request
    conn = await self._connector.connect(
           ^^^^^^^^^^^^^^^^^^^^^^^^^^^^^^
        req, traces=traces, timeout=real_timeout
        ^^^^^^^^^^^^^^^^^^^^^^^^^^^^^^^^^^^^^^^^
    )
    ^
  File "/Users/yanyang/opt/anaconda3/envs/hummingbot/envs/hummingbot/lib/python3.13/site-packages/aiohttp/connector.py", line 672, in connect
    proto = await self._create_connection(req, traces, timeout)
            ^^^^^^^^^^^^^^^^^^^^^^^^^^^^^^^^^^^^^^^^^^^^^^^^^^^
  File "/Users/yanyang/opt/anaconda3/envs/hummingbot/envs/hummingbot/lib/python3.13/site-packages/aiohttp/connector.py", line 1239, in _create_connection
    _, proto = await self._create_direct_connection(req, traces, timeout)
               ^^^^^^^^^^^^^^^^^^^^^^^^^^^^^^^^^^^^^^^^^^^^^^^^^^^^^^^^^^
  File "/Users/yanyang/opt/anaconda3/envs/hummingbot/envs/hummingbot/lib/python3.13/site-packages/aiohttp/connector.py", line 1611, in _create_direct_connection
    raise last_exc
  File "/Users/yanyang/opt/anaconda3/envs/hummingbot/envs/hummingbot/lib/python3.13/site-packages/aiohttp/connector.py", line 1580, in _create_direct_connection
    transp, proto = await self._wrap_create_connection(
                    ^^^^^^^^^^^^^^^^^^^^^^^^^^^^^^^^^^^
    ...<7 lines>...
    )
    ^
  File "/Users/yanyang/opt/anaconda3/envs/hummingbot/envs/hummingbot/lib/python3.13/site-packages/aiohttp/connector.py", line 1321, in _wrap_create_connection
    raise client_error(req.connection_key, exc) from exc
aiohttp.client_exceptions.ClientConnectorError: Cannot connect to host api.binance.com:443 ssl:default [None]
2026-01-29 13:14:21,016 - 68059 - hummingbot.connector.time_synchronizer - NETWORK - Error getting server time.
Traceback (most recent call last):
  File "/Users/yanyang/opt/anaconda3/envs/hummingbot/envs/hummingbot/lib/python3.13/site-packages/aiohttp/connector.py", line 1313, in _wrap_create_connection
    return await self._loop.create_connection(*args, **kwargs, sock=sock)
           ^^^^^^^^^^^^^^^^^^^^^^^^^^^^^^^^^^^^^^^^^^^^^^^^^^^^^^^^^^^^^^
  File "/Users/yanyang/opt/anaconda3/envs/hummingbot/envs/hummingbot/lib/python3.13/asyncio/base_events.py", line 1201, in create_connection
    transport, protocol = await self._create_connection_transport(
                          ^^^^^^^^^^^^^^^^^^^^^^^^^^^^^^^^^^^^^^^^
    ...<2 lines>...
        ssl_shutdown_timeout=ssl_shutdown_timeout)
        ^^^^^^^^^^^^^^^^^^^^^^^^^^^^^^^^^^^^^^^^^^
  File "/Users/yanyang/opt/anaconda3/envs/hummingbot/envs/hummingbot/lib/python3.13/asyncio/base_events.py", line 1234, in _create_connection_transport
    await waiter
  File "/Users/yanyang/opt/anaconda3/envs/hummingbot/envs/hummingbot/lib/python3.13/asyncio/sslproto.py", line 581, in _on_handshake_complete
    raise handshake_exc
ConnectionResetError

The above exception was the direct cause of the following exception:

Traceback (most recent call last):
  File "/Users/yanyang/hummingbot-2.11.0/hummingbot/connector/time_synchronizer.py", line 66, in update_server_time_offset_with_time_provider
    server_time_ms: float = await time_provider
                            ^^^^^^^^^^^^^^^^^^^
  File "/Users/yanyang/hummingbot-2.11.0/hummingbot/connector/exchange/kucoin/kucoin_web_utils.py", line 74, in get_current_server_time
    response = await rest_assistant.execute_request(
               ^^^^^^^^^^^^^^^^^^^^^^^^^^^^^^^^^^^^^
    ...<3 lines>...
    )
    ^
  File "/Users/yanyang/hummingbot-2.11.0/hummingbot/core/web_assistant/rest_assistant.py", line 48, in execute_request
    response = await self.execute_request_and_get_response(
               ^^^^^^^^^^^^^^^^^^^^^^^^^^^^^^^^^^^^^^^^^^^^
    ...<9 lines>...
    )
    ^
  File "/Users/yanyang/hummingbot-2.11.0/hummingbot/core/web_assistant/rest_assistant.py", line 95, in execute_request_and_get_response
    response = await self.call(request=request, timeout=timeout)
               ^^^^^^^^^^^^^^^^^^^^^^^^^^^^^^^^^^^^^^^^^^^^^^^^^
  File "/Users/yanyang/hummingbot-2.11.0/hummingbot/core/web_assistant/rest_assistant.py", line 109, in call
    resp = await wait_for(self._connection.call(request), timeout)
           ^^^^^^^^^^^^^^^^^^^^^^^^^^^^^^^^^^^^^^^^^^^^^^^^^^^^^^^
  File "/Users/yanyang/opt/anaconda3/envs/hummingbot/envs/hummingbot/lib/python3.13/asyncio/tasks.py", line 507, in wait_for
    return await fut
           ^^^^^^^^^
  File "/Users/yanyang/hummingbot-2.11.0/hummingbot/core/web_assistant/connections/rest_connection.py", line 10, in call
    aiohttp_resp = await self._client_session.request(
                   ^^^^^^^^^^^^^^^^^^^^^^^^^^^^^^^^^^^
    ...<5 lines>...
    )
    ^
  File "/Users/yanyang/opt/anaconda3/envs/hummingbot/envs/hummingbot/lib/python3.13/site-packages/aiohttp/client.py", line 779, in _request
    resp = await handler(req)
           ^^^^^^^^^^^^^^^^^^
  File "/Users/yanyang/opt/anaconda3/envs/hummingbot/envs/hummingbot/lib/python3.13/site-packages/aiohttp/client.py", line 734, in _connect_and_send_request
    conn = await self._connector.connect(
           ^^^^^^^^^^^^^^^^^^^^^^^^^^^^^^
        req, traces=traces, timeout=real_timeout
        ^^^^^^^^^^^^^^^^^^^^^^^^^^^^^^^^^^^^^^^^
    )
    ^
  File "/Users/yanyang/opt/anaconda3/envs/hummingbot/envs/hummingbot/lib/python3.13/site-packages/aiohttp/connector.py", line 672, in connect
    proto = await self._create_connection(req, traces, timeout)
            ^^^^^^^^^^^^^^^^^^^^^^^^^^^^^^^^^^^^^^^^^^^^^^^^^^^
  File "/Users/yanyang/opt/anaconda3/envs/hummingbot/envs/hummingbot/lib/python3.13/site-packages/aiohttp/connector.py", line 1239, in _create_connection
    _, proto = await self._create_direct_connection(req, traces, timeout)
               ^^^^^^^^^^^^^^^^^^^^^^^^^^^^^^^^^^^^^^^^^^^^^^^^^^^^^^^^^^
  File "/Users/yanyang/opt/anaconda3/envs/hummingbot/envs/hummingbot/lib/python3.13/site-packages/aiohttp/connector.py", line 1611, in _create_direct_connection
    raise last_exc
  File "/Users/yanyang/opt/anaconda3/envs/hummingbot/envs/hummingbot/lib/python3.13/site-packages/aiohttp/connector.py", line 1580, in _create_direct_connection
    transp, proto = await self._wrap_create_connection(
                    ^^^^^^^^^^^^^^^^^^^^^^^^^^^^^^^^^^^
    ...<7 lines>...
    )
    ^
  File "/Users/yanyang/opt/anaconda3/envs/hummingbot/envs/hummingbot/lib/python3.13/site-packages/aiohttp/connector.py", line 1321, in _wrap_create_connection
    raise client_error(req.connection_key, exc) from exc
aiohttp.client_exceptions.ClientConnectorError: Cannot connect to host api.kucoin.com:443 ssl:default [None]
2026-01-29 13:14:21,029 - 68059 - hummingbot.connector.time_synchronizer - WARNING - Could not refresh server time. Check network connection.
2026-01-29 13:14:21,030 - 68059 - hummingbot.connector.time_synchronizer - NETWORK - Error getting server time.
Traceback (most recent call last):
  File "/Users/yanyang/opt/anaconda3/envs/hummingbot/envs/hummingbot/lib/python3.13/site-packages/aiohttp/connector.py", line 1313, in _wrap_create_connection
    return await self._loop.create_connection(*args, **kwargs, sock=sock)
           ^^^^^^^^^^^^^^^^^^^^^^^^^^^^^^^^^^^^^^^^^^^^^^^^^^^^^^^^^^^^^^
  File "/Users/yanyang/opt/anaconda3/envs/hummingbot/envs/hummingbot/lib/python3.13/asyncio/base_events.py", line 1201, in create_connection
    transport, protocol = await self._create_connection_transport(
                          ^^^^^^^^^^^^^^^^^^^^^^^^^^^^^^^^^^^^^^^^
    ...<2 lines>...
        ssl_shutdown_timeout=ssl_shutdown_timeout)
        ^^^^^^^^^^^^^^^^^^^^^^^^^^^^^^^^^^^^^^^^^^
  File "/Users/yanyang/opt/anaconda3/envs/hummingbot/envs/hummingbot/lib/python3.13/asyncio/base_events.py", line 1234, in _create_connection_transport
    await waiter
  File "/Users/yanyang/opt/anaconda3/envs/hummingbot/envs/hummingbot/lib/python3.13/asyncio/sslproto.py", line 581, in _on_handshake_complete
    raise handshake_exc
ConnectionResetError

The above exception was the direct cause of the following exception:

Traceback (most recent call last):
  File "/Users/yanyang/hummingbot-2.11.0/hummingbot/connector/time_synchronizer.py", line 66, in update_server_time_offset_with_time_provider
    server_time_ms: float = await time_provider
                            ^^^^^^^^^^^^^^^^^^^
  File "/Users/yanyang/hummingbot-2.11.0/hummingbot/connector/exchange/binance/binance_web_utils.py", line 69, in get_current_server_time
    response = await rest_assistant.execute_request(
               ^^^^^^^^^^^^^^^^^^^^^^^^^^^^^^^^^^^^^
    ...<3 lines>...
    )
    ^
  File "/Users/yanyang/hummingbot-2.11.0/hummingbot/core/web_assistant/rest_assistant.py", line 48, in execute_request
    response = await self.execute_request_and_get_response(
               ^^^^^^^^^^^^^^^^^^^^^^^^^^^^^^^^^^^^^^^^^^^^
    ...<9 lines>...
    )
    ^
  File "/Users/yanyang/hummingbot-2.11.0/hummingbot/core/web_assistant/rest_assistant.py", line 95, in execute_request_and_get_response
    response = await self.call(request=request, timeout=timeout)
               ^^^^^^^^^^^^^^^^^^^^^^^^^^^^^^^^^^^^^^^^^^^^^^^^^
  File "/Users/yanyang/hummingbot-2.11.0/hummingbot/core/web_assistant/rest_assistant.py", line 109, in call
    resp = await wait_for(self._connection.call(request), timeout)
           ^^^^^^^^^^^^^^^^^^^^^^^^^^^^^^^^^^^^^^^^^^^^^^^^^^^^^^^
  File "/Users/yanyang/opt/anaconda3/envs/hummingbot/envs/hummingbot/lib/python3.13/asyncio/tasks.py", line 507, in wait_for
    return await fut
           ^^^^^^^^^
  File "/Users/yanyang/hummingbot-2.11.0/hummingbot/core/web_assistant/connections/rest_connection.py", line 10, in call
    aiohttp_resp = await self._client_session.request(
                   ^^^^^^^^^^^^^^^^^^^^^^^^^^^^^^^^^^^
    ...<5 lines>...
    )
    ^
  File "/Users/yanyang/opt/anaconda3/envs/hummingbot/envs/hummingbot/lib/python3.13/site-packages/aiohttp/client.py", line 779, in _request
    resp = await handler(req)
           ^^^^^^^^^^^^^^^^^^
  File "/Users/yanyang/opt/anaconda3/envs/hummingbot/envs/hummingbot/lib/python3.13/site-packages/aiohttp/client.py", line 734, in _connect_and_send_request
    conn = await self._connector.connect(
           ^^^^^^^^^^^^^^^^^^^^^^^^^^^^^^
        req, traces=traces, timeout=real_timeout
        ^^^^^^^^^^^^^^^^^^^^^^^^^^^^^^^^^^^^^^^^
    )
    ^
  File "/Users/yanyang/opt/anaconda3/envs/hummingbot/envs/hummingbot/lib/python3.13/site-packages/aiohttp/connector.py", line 672, in connect
    proto = await self._create_connection(req, traces, timeout)
            ^^^^^^^^^^^^^^^^^^^^^^^^^^^^^^^^^^^^^^^^^^^^^^^^^^^
  File "/Users/yanyang/opt/anaconda3/envs/hummingbot/envs/hummingbot/lib/python3.13/site-packages/aiohttp/connector.py", line 1239, in _create_connection
    _, proto = await self._create_direct_connection(req, traces, timeout)
               ^^^^^^^^^^^^^^^^^^^^^^^^^^^^^^^^^^^^^^^^^^^^^^^^^^^^^^^^^^
  File "/Users/yanyang/opt/anaconda3/envs/hummingbot/envs/hummingbot/lib/python3.13/site-packages/aiohttp/connector.py", line 1611, in _create_direct_connection
    raise last_exc
  File "/Users/yanyang/opt/anaconda3/envs/hummingbot/envs/hummingbot/lib/python3.13/site-packages/aiohttp/connector.py", line 1580, in _create_direct_connection
    transp, proto = await self._wrap_create_connection(
                    ^^^^^^^^^^^^^^^^^^^^^^^^^^^^^^^^^^^
    ...<7 lines>...
    )
    ^
  File "/Users/yanyang/opt/anaconda3/envs/hummingbot/envs/hummingbot/lib/python3.13/site-packages/aiohttp/connector.py", line 1321, in _wrap_create_connection
    raise client_error(req.connection_key, exc) from exc
aiohttp.client_exceptions.ClientConnectorError: Cannot connect to host api.binance.com:443 ssl:default [None]
2026-01-29 13:14:21,035 - 68059 - hummingbot.connector.time_synchronizer - WARNING - Could not refresh server time. Check network connection.
2026-01-29 13:14:21,036 - 68059 - hummingbot.connector.exchange.kraken.kraken_exchange.KrakenExchange - ERROR - There was an error requesting exchange info.
Traceback (most recent call last):
  File "/Users/yanyang/opt/anaconda3/envs/hummingbot/envs/hummingbot/lib/python3.13/site-packages/aiohttp/connector.py", line 1313, in _wrap_create_connection
    return await self._loop.create_connection(*args, **kwargs, sock=sock)
           ^^^^^^^^^^^^^^^^^^^^^^^^^^^^^^^^^^^^^^^^^^^^^^^^^^^^^^^^^^^^^^
  File "/Users/yanyang/opt/anaconda3/envs/hummingbot/envs/hummingbot/lib/python3.13/asyncio/base_events.py", line 1201, in create_connection
    transport, protocol = await self._create_connection_transport(
                          ^^^^^^^^^^^^^^^^^^^^^^^^^^^^^^^^^^^^^^^^
    ...<2 lines>...
        ssl_shutdown_timeout=ssl_shutdown_timeout)
        ^^^^^^^^^^^^^^^^^^^^^^^^^^^^^^^^^^^^^^^^^^
  File "/Users/yanyang/opt/anaconda3/envs/hummingbot/envs/hummingbot/lib/python3.13/asyncio/base_events.py", line 1234, in _create_connection_transport
    await waiter
  File "/Users/yanyang/opt/anaconda3/envs/hummingbot/envs/hummingbot/lib/python3.13/asyncio/sslproto.py", line 581, in _on_handshake_complete
    raise handshake_exc
ConnectionResetError

The above exception was the direct cause of the following exception:

Traceback (most recent call last):
  File "/Users/yanyang/hummingbot-2.11.0/hummingbot/connector/exchange_py_base.py", line 1078, in _initialize_trading_pair_symbol_map
    exchange_info = await self._make_trading_pairs_request()
                    ^^^^^^^^^^^^^^^^^^^^^^^^^^^^^^^^^^^^^^^^
  File "/Users/yanyang/hummingbot-2.11.0/hummingbot/connector/exchange_py_base.py", line 1091, in _make_trading_pairs_request
    exchange_info = await self._api_get(path_url=self.trading_pairs_request_path)
                    ^^^^^^^^^^^^^^^^^^^^^^^^^^^^^^^^^^^^^^^^^^^^^^^^^^^^^^^^^^^^^
  File "/Users/yanyang/hummingbot-2.11.0/hummingbot/connector/exchange/kraken/kraken_exchange.py", line 188, in _api_get
    return await self._api_request_with_retry(*args, **kwargs)
           ^^^^^^^^^^^^^^^^^^^^^^^^^^^^^^^^^^^^^^^^^^^^^^^^^^^
  File "/Users/yanyang/hummingbot-2.11.0/hummingbot/connector/exchange/kraken/kraken_exchange.py", line 351, in _api_request_with_retry
    raise e
  File "/Users/yanyang/hummingbot-2.11.0/hummingbot/connector/exchange/kraken/kraken_exchange.py", line 325, in _api_request_with_retry
    response_json = await self._api_request(path_url=path_url, method=method, params=params, data=data,
                    ^^^^^^^^^^^^^^^^^^^^^^^^^^^^^^^^^^^^^^^^^^^^^^^^^^^^^^^^^^^^^^^^^^^^^^^^^^^^^^^^^^^
                                            is_auth_required=is_auth_required)
                                            ^^^^^^^^^^^^^^^^^^^^^^^^^^^^^^^^^^
  File "/Users/yanyang/hummingbot-2.11.0/hummingbot/connector/exchange_py_base.py", line 911, in _api_request
    request_result = await rest_assistant.execute_request(
                     ^^^^^^^^^^^^^^^^^^^^^^^^^^^^^^^^^^^^^
    ...<8 lines>...
    )
    ^
  File "/Users/yanyang/hummingbot-2.11.0/hummingbot/core/web_assistant/rest_assistant.py", line 48, in execute_request
    response = await self.execute_request_and_get_response(
               ^^^^^^^^^^^^^^^^^^^^^^^^^^^^^^^^^^^^^^^^^^^^
    ...<9 lines>...
    )
    ^
  File "/Users/yanyang/hummingbot-2.11.0/hummingbot/core/web_assistant/rest_assistant.py", line 95, in execute_request_and_get_response
    response = await self.call(request=request, timeout=timeout)
               ^^^^^^^^^^^^^^^^^^^^^^^^^^^^^^^^^^^^^^^^^^^^^^^^^
  File "/Users/yanyang/hummingbot-2.11.0/hummingbot/core/web_assistant/rest_assistant.py", line 109, in call
    resp = await wait_for(self._connection.call(request), timeout)
           ^^^^^^^^^^^^^^^^^^^^^^^^^^^^^^^^^^^^^^^^^^^^^^^^^^^^^^^
  File "/Users/yanyang/opt/anaconda3/envs/hummingbot/envs/hummingbot/lib/python3.13/asyncio/tasks.py", line 507, in wait_for
    return await fut
           ^^^^^^^^^
  File "/Users/yanyang/hummingbot-2.11.0/hummingbot/core/web_assistant/connections/rest_connection.py", line 10, in call
    aiohttp_resp = await self._client_session.request(
                   ^^^^^^^^^^^^^^^^^^^^^^^^^^^^^^^^^^^
    ...<5 lines>...
    )
    ^
  File "/Users/yanyang/opt/anaconda3/envs/hummingbot/envs/hummingbot/lib/python3.13/site-packages/aiohttp/client.py", line 779, in _request
    resp = await handler(req)
           ^^^^^^^^^^^^^^^^^^
  File "/Users/yanyang/opt/anaconda3/envs/hummingbot/envs/hummingbot/lib/python3.13/site-packages/aiohttp/client.py", line 734, in _connect_and_send_request
    conn = await self._connector.connect(
           ^^^^^^^^^^^^^^^^^^^^^^^^^^^^^^
        req, traces=traces, timeout=real_timeout
        ^^^^^^^^^^^^^^^^^^^^^^^^^^^^^^^^^^^^^^^^
    )
    ^
  File "/Users/yanyang/opt/anaconda3/envs/hummingbot/envs/hummingbot/lib/python3.13/site-packages/aiohttp/connector.py", line 672, in connect
    proto = await self._create_connection(req, traces, timeout)
            ^^^^^^^^^^^^^^^^^^^^^^^^^^^^^^^^^^^^^^^^^^^^^^^^^^^
  File "/Users/yanyang/opt/anaconda3/envs/hummingbot/envs/hummingbot/lib/python3.13/site-packages/aiohttp/connector.py", line 1239, in _create_connection
    _, proto = await self._create_direct_connection(req, traces, timeout)
               ^^^^^^^^^^^^^^^^^^^^^^^^^^^^^^^^^^^^^^^^^^^^^^^^^^^^^^^^^^
  File "/Users/yanyang/opt/anaconda3/envs/hummingbot/envs/hummingbot/lib/python3.13/site-packages/aiohttp/connector.py", line 1611, in _create_direct_connection
    raise last_exc
  File "/Users/yanyang/opt/anaconda3/envs/hummingbot/envs/hummingbot/lib/python3.13/site-packages/aiohttp/connector.py", line 1580, in _create_direct_connection
    transp, proto = await self._wrap_create_connection(
                    ^^^^^^^^^^^^^^^^^^^^^^^^^^^^^^^^^^^
    ...<7 lines>...
    )
    ^
  File "/Users/yanyang/opt/anaconda3/envs/hummingbot/envs/hummingbot/lib/python3.13/site-packages/aiohttp/connector.py", line 1321, in _wrap_create_connection
    raise client_error(req.connection_key, exc) from exc
aiohttp.client_exceptions.ClientConnectorError: Cannot connect to host api.kraken.com:443 ssl:default [None]
2026-01-29 13:14:21,198 - 68059 - hummingbot.connector.exchange.binance.binance_exchange.BinanceExchange - ERROR - There was an error requesting exchange info.
Traceback (most recent call last):
  File "/Users/yanyang/opt/anaconda3/envs/hummingbot/envs/hummingbot/lib/python3.13/site-packages/aiohttp/connector.py", line 1313, in _wrap_create_connection
    return await self._loop.create_connection(*args, **kwargs, sock=sock)
           ^^^^^^^^^^^^^^^^^^^^^^^^^^^^^^^^^^^^^^^^^^^^^^^^^^^^^^^^^^^^^^
  File "/Users/yanyang/opt/anaconda3/envs/hummingbot/envs/hummingbot/lib/python3.13/asyncio/base_events.py", line 1201, in create_connection
    transport, protocol = await self._create_connection_transport(
                          ^^^^^^^^^^^^^^^^^^^^^^^^^^^^^^^^^^^^^^^^
    ...<2 lines>...
        ssl_shutdown_timeout=ssl_shutdown_timeout)
        ^^^^^^^^^^^^^^^^^^^^^^^^^^^^^^^^^^^^^^^^^^
  File "/Users/yanyang/opt/anaconda3/envs/hummingbot/envs/hummingbot/lib/python3.13/asyncio/base_events.py", line 1234, in _create_connection_transport
    await waiter
  File "/Users/yanyang/opt/anaconda3/envs/hummingbot/envs/hummingbot/lib/python3.13/asyncio/sslproto.py", line 581, in _on_handshake_complete
    raise handshake_exc
ConnectionResetError

The above exception was the direct cause of the following exception:

Traceback (most recent call last):
  File "/Users/yanyang/hummingbot-2.11.0/hummingbot/connector/exchange_py_base.py", line 1078, in _initialize_trading_pair_symbol_map
    exchange_info = await self._make_trading_pairs_request()
                    ^^^^^^^^^^^^^^^^^^^^^^^^^^^^^^^^^^^^^^^^
  File "/Users/yanyang/hummingbot-2.11.0/hummingbot/connector/exchange_py_base.py", line 1091, in _make_trading_pairs_request
    exchange_info = await self._api_get(path_url=self.trading_pairs_request_path)
                    ^^^^^^^^^^^^^^^^^^^^^^^^^^^^^^^^^^^^^^^^^^^^^^^^^^^^^^^^^^^^^
  File "/Users/yanyang/hummingbot-2.11.0/hummingbot/connector/exchange_py_base.py", line 868, in _api_get
    return await self._api_request(*args, **kwargs)
           ^^^^^^^^^^^^^^^^^^^^^^^^^^^^^^^^^^^^^^^^
  File "/Users/yanyang/hummingbot-2.11.0/hummingbot/connector/exchange_py_base.py", line 911, in _api_request
    request_result = await rest_assistant.execute_request(
                     ^^^^^^^^^^^^^^^^^^^^^^^^^^^^^^^^^^^^^
    ...<8 lines>...
    )
    ^
  File "/Users/yanyang/hummingbot-2.11.0/hummingbot/core/web_assistant/rest_assistant.py", line 48, in execute_request
    response = await self.execute_request_and_get_response(
               ^^^^^^^^^^^^^^^^^^^^^^^^^^^^^^^^^^^^^^^^^^^^
    ...<9 lines>...
    )
    ^
  File "/Users/yanyang/hummingbot-2.11.0/hummingbot/core/web_assistant/rest_assistant.py", line 95, in execute_request_and_get_response
    response = await self.call(request=request, timeout=timeout)
               ^^^^^^^^^^^^^^^^^^^^^^^^^^^^^^^^^^^^^^^^^^^^^^^^^
  File "/Users/yanyang/hummingbot-2.11.0/hummingbot/core/web_assistant/rest_assistant.py", line 109, in call
    resp = await wait_for(self._connection.call(request), timeout)
           ^^^^^^^^^^^^^^^^^^^^^^^^^^^^^^^^^^^^^^^^^^^^^^^^^^^^^^^
  File "/Users/yanyang/opt/anaconda3/envs/hummingbot/envs/hummingbot/lib/python3.13/asyncio/tasks.py", line 507, in wait_for
    return await fut
           ^^^^^^^^^
  File "/Users/yanyang/hummingbot-2.11.0/hummingbot/core/web_assistant/connections/rest_connection.py", line 10, in call
    aiohttp_resp = await self._client_session.request(
                   ^^^^^^^^^^^^^^^^^^^^^^^^^^^^^^^^^^^
    ...<5 lines>...
    )
    ^
  File "/Users/yanyang/opt/anaconda3/envs/hummingbot/envs/hummingbot/lib/python3.13/site-packages/aiohttp/client.py", line 779, in _request
    resp = await handler(req)
           ^^^^^^^^^^^^^^^^^^
  File "/Users/yanyang/opt/anaconda3/envs/hummingbot/envs/hummingbot/lib/python3.13/site-packages/aiohttp/client.py", line 734, in _connect_and_send_request
    conn = await self._connector.connect(
           ^^^^^^^^^^^^^^^^^^^^^^^^^^^^^^
        req, traces=traces, timeout=real_timeout
        ^^^^^^^^^^^^^^^^^^^^^^^^^^^^^^^^^^^^^^^^
    )
    ^
  File "/Users/yanyang/opt/anaconda3/envs/hummingbot/envs/hummingbot/lib/python3.13/site-packages/aiohttp/connector.py", line 672, in connect
    proto = await self._create_connection(req, traces, timeout)
            ^^^^^^^^^^^^^^^^^^^^^^^^^^^^^^^^^^^^^^^^^^^^^^^^^^^
  File "/Users/yanyang/opt/anaconda3/envs/hummingbot/envs/hummingbot/lib/python3.13/site-packages/aiohttp/connector.py", line 1239, in _create_connection
    _, proto = await self._create_direct_connection(req, traces, timeout)
               ^^^^^^^^^^^^^^^^^^^^^^^^^^^^^^^^^^^^^^^^^^^^^^^^^^^^^^^^^^
  File "/Users/yanyang/opt/anaconda3/envs/hummingbot/envs/hummingbot/lib/python3.13/site-packages/aiohttp/connector.py", line 1611, in _create_direct_connection
    raise last_exc
  File "/Users/yanyang/opt/anaconda3/envs/hummingbot/envs/hummingbot/lib/python3.13/site-packages/aiohttp/connector.py", line 1580, in _create_direct_connection
    transp, proto = await self._wrap_create_connection(
                    ^^^^^^^^^^^^^^^^^^^^^^^^^^^^^^^^^^^
    ...<7 lines>...
    )
    ^
  File "/Users/yanyang/opt/anaconda3/envs/hummingbot/envs/hummingbot/lib/python3.13/site-packages/aiohttp/connector.py", line 1321, in _wrap_create_connection
    raise client_error(req.connection_key, exc) from exc
aiohttp.client_exceptions.ClientConnectorError: Cannot connect to host api.binance.com:443 ssl:default [None]
2026-01-29 13:14:26,034 - 68059 - hummingbot.connector.exchange.kucoin.kucoin_exchange.KucoinExchange - ERROR - There was an error requesting exchange info.
Traceback (most recent call last):
  File "/Users/yanyang/opt/anaconda3/envs/hummingbot/envs/hummingbot/lib/python3.13/site-packages/aiohttp/connector.py", line 1313, in _wrap_create_connection
    return await self._loop.create_connection(*args, **kwargs, sock=sock)
           ^^^^^^^^^^^^^^^^^^^^^^^^^^^^^^^^^^^^^^^^^^^^^^^^^^^^^^^^^^^^^^
  File "/Users/yanyang/opt/anaconda3/envs/hummingbot/envs/hummingbot/lib/python3.13/asyncio/base_events.py", line 1201, in create_connection
    transport, protocol = await self._create_connection_transport(
                          ^^^^^^^^^^^^^^^^^^^^^^^^^^^^^^^^^^^^^^^^
    ...<2 lines>...
        ssl_shutdown_timeout=ssl_shutdown_timeout)
        ^^^^^^^^^^^^^^^^^^^^^^^^^^^^^^^^^^^^^^^^^^
  File "/Users/yanyang/opt/anaconda3/envs/hummingbot/envs/hummingbot/lib/python3.13/asyncio/base_events.py", line 1234, in _create_connection_transport
    await waiter
  File "/Users/yanyang/opt/anaconda3/envs/hummingbot/envs/hummingbot/lib/python3.13/asyncio/sslproto.py", line 581, in _on_handshake_complete
    raise handshake_exc
ConnectionResetError

The above exception was the direct cause of the following exception:

Traceback (most recent call last):
  File "/Users/yanyang/hummingbot-2.11.0/hummingbot/connector/exchange_py_base.py", line 1078, in _initialize_trading_pair_symbol_map
    exchange_info = await self._make_trading_pairs_request()
                    ^^^^^^^^^^^^^^^^^^^^^^^^^^^^^^^^^^^^^^^^
  File "/Users/yanyang/hummingbot-2.11.0/hummingbot/connector/exchange_py_base.py", line 1091, in _make_trading_pairs_request
    exchange_info = await self._api_get(path_url=self.trading_pairs_request_path)
                    ^^^^^^^^^^^^^^^^^^^^^^^^^^^^^^^^^^^^^^^^^^^^^^^^^^^^^^^^^^^^^
  File "/Users/yanyang/hummingbot-2.11.0/hummingbot/connector/exchange_py_base.py", line 868, in _api_get
    return await self._api_request(*args, **kwargs)
           ^^^^^^^^^^^^^^^^^^^^^^^^^^^^^^^^^^^^^^^^
  File "/Users/yanyang/hummingbot-2.11.0/hummingbot/connector/exchange_py_base.py", line 911, in _api_request
    request_result = await rest_assistant.execute_request(
                     ^^^^^^^^^^^^^^^^^^^^^^^^^^^^^^^^^^^^^
    ...<8 lines>...
    )
    ^
  File "/Users/yanyang/hummingbot-2.11.0/hummingbot/core/web_assistant/rest_assistant.py", line 48, in execute_request
    response = await self.execute_request_and_get_response(
               ^^^^^^^^^^^^^^^^^^^^^^^^^^^^^^^^^^^^^^^^^^^^
    ...<9 lines>...
    )
    ^
  File "/Users/yanyang/hummingbot-2.11.0/hummingbot/core/web_assistant/rest_assistant.py", line 95, in execute_request_and_get_response
    response = await self.call(request=request, timeout=timeout)
               ^^^^^^^^^^^^^^^^^^^^^^^^^^^^^^^^^^^^^^^^^^^^^^^^^
  File "/Users/yanyang/hummingbot-2.11.0/hummingbot/core/web_assistant/rest_assistant.py", line 109, in call
    resp = await wait_for(self._connection.call(request), timeout)
           ^^^^^^^^^^^^^^^^^^^^^^^^^^^^^^^^^^^^^^^^^^^^^^^^^^^^^^^
  File "/Users/yanyang/opt/anaconda3/envs/hummingbot/envs/hummingbot/lib/python3.13/asyncio/tasks.py", line 507, in wait_for
    return await fut
           ^^^^^^^^^
  File "/Users/yanyang/hummingbot-2.11.0/hummingbot/core/web_assistant/connections/rest_connection.py", line 10, in call
    aiohttp_resp = await self._client_session.request(
                   ^^^^^^^^^^^^^^^^^^^^^^^^^^^^^^^^^^^
    ...<5 lines>...
    )
    ^
  File "/Users/yanyang/opt/anaconda3/envs/hummingbot/envs/hummingbot/lib/python3.13/site-packages/aiohttp/client.py", line 779, in _request
    resp = await handler(req)
           ^^^^^^^^^^^^^^^^^^
  File "/Users/yanyang/opt/anaconda3/envs/hummingbot/envs/hummingbot/lib/python3.13/site-packages/aiohttp/client.py", line 734, in _connect_and_send_request
    conn = await self._connector.connect(
           ^^^^^^^^^^^^^^^^^^^^^^^^^^^^^^
        req, traces=traces, timeout=real_timeout
        ^^^^^^^^^^^^^^^^^^^^^^^^^^^^^^^^^^^^^^^^
    )
    ^
  File "/Users/yanyang/opt/anaconda3/envs/hummingbot/envs/hummingbot/lib/python3.13/site-packages/aiohttp/connector.py", line 672, in connect
    proto = await self._create_connection(req, traces, timeout)
            ^^^^^^^^^^^^^^^^^^^^^^^^^^^^^^^^^^^^^^^^^^^^^^^^^^^
  File "/Users/yanyang/opt/anaconda3/envs/hummingbot/envs/hummingbot/lib/python3.13/site-packages/aiohttp/connector.py", line 1239, in _create_connection
    _, proto = await self._create_direct_connection(req, traces, timeout)
               ^^^^^^^^^^^^^^^^^^^^^^^^^^^^^^^^^^^^^^^^^^^^^^^^^^^^^^^^^^
  File "/Users/yanyang/opt/anaconda3/envs/hummingbot/envs/hummingbot/lib/python3.13/site-packages/aiohttp/connector.py", line 1611, in _create_direct_connection
    raise last_exc
  File "/Users/yanyang/opt/anaconda3/envs/hummingbot/envs/hummingbot/lib/python3.13/site-packages/aiohttp/connector.py", line 1580, in _create_direct_connection
    transp, proto = await self._wrap_create_connection(
                    ^^^^^^^^^^^^^^^^^^^^^^^^^^^^^^^^^^^
    ...<7 lines>...
    )
    ^
  File "/Users/yanyang/opt/anaconda3/envs/hummingbot/envs/hummingbot/lib/python3.13/site-packages/aiohttp/connector.py", line 1321, in _wrap_create_connection
    raise client_error(req.connection_key, exc) from exc
aiohttp.client_exceptions.ClientConnectorError: Cannot connect to host api.kucoin.com:443 ssl:default [None]
2026-01-29 13:43:34,669 - 69977 - hummingbot.connector.time_synchronizer - NETWORK - Error getting server time.
Traceback (most recent call last):
  File "/Users/yanyang/opt/anaconda3/envs/hummingbot/envs/hummingbot/lib/python3.13/site-packages/aiohttp/connector.py", line 1313, in _wrap_create_connection
    return await self._loop.create_connection(*args, **kwargs, sock=sock)
           ^^^^^^^^^^^^^^^^^^^^^^^^^^^^^^^^^^^^^^^^^^^^^^^^^^^^^^^^^^^^^^
  File "/Users/yanyang/opt/anaconda3/envs/hummingbot/envs/hummingbot/lib/python3.13/asyncio/base_events.py", line 1201, in create_connection
    transport, protocol = await self._create_connection_transport(
                          ^^^^^^^^^^^^^^^^^^^^^^^^^^^^^^^^^^^^^^^^
    ...<2 lines>...
        ssl_shutdown_timeout=ssl_shutdown_timeout)
        ^^^^^^^^^^^^^^^^^^^^^^^^^^^^^^^^^^^^^^^^^^
  File "/Users/yanyang/opt/anaconda3/envs/hummingbot/envs/hummingbot/lib/python3.13/asyncio/base_events.py", line 1234, in _create_connection_transport
    await waiter
  File "/Users/yanyang/opt/anaconda3/envs/hummingbot/envs/hummingbot/lib/python3.13/asyncio/sslproto.py", line 581, in _on_handshake_complete
    raise handshake_exc
ConnectionResetError

The above exception was the direct cause of the following exception:

Traceback (most recent call last):
  File "/Users/yanyang/hummingbot-2.11.0/hummingbot/connector/time_synchronizer.py", line 66, in update_server_time_offset_with_time_provider
    server_time_ms: float = await time_provider
                            ^^^^^^^^^^^^^^^^^^^
  File "/Users/yanyang/hummingbot-2.11.0/hummingbot/connector/exchange/kucoin/kucoin_web_utils.py", line 74, in get_current_server_time
    response = await rest_assistant.execute_request(
               ^^^^^^^^^^^^^^^^^^^^^^^^^^^^^^^^^^^^^
    ...<3 lines>...
    )
    ^
  File "/Users/yanyang/hummingbot-2.11.0/hummingbot/core/web_assistant/rest_assistant.py", line 48, in execute_request
    response = await self.execute_request_and_get_response(
               ^^^^^^^^^^^^^^^^^^^^^^^^^^^^^^^^^^^^^^^^^^^^
    ...<9 lines>...
    )
    ^
  File "/Users/yanyang/hummingbot-2.11.0/hummingbot/core/web_assistant/rest_assistant.py", line 95, in execute_request_and_get_response
    response = await self.call(request=request, timeout=timeout)
               ^^^^^^^^^^^^^^^^^^^^^^^^^^^^^^^^^^^^^^^^^^^^^^^^^
  File "/Users/yanyang/hummingbot-2.11.0/hummingbot/core/web_assistant/rest_assistant.py", line 109, in call
    resp = await wait_for(self._connection.call(request), timeout)
           ^^^^^^^^^^^^^^^^^^^^^^^^^^^^^^^^^^^^^^^^^^^^^^^^^^^^^^^
  File "/Users/yanyang/opt/anaconda3/envs/hummingbot/envs/hummingbot/lib/python3.13/asyncio/tasks.py", line 507, in wait_for
    return await fut
           ^^^^^^^^^
  File "/Users/yanyang/hummingbot-2.11.0/hummingbot/core/web_assistant/connections/rest_connection.py", line 10, in call
    aiohttp_resp = await self._client_session.request(
                   ^^^^^^^^^^^^^^^^^^^^^^^^^^^^^^^^^^^
    ...<5 lines>...
    )
    ^
  File "/Users/yanyang/opt/anaconda3/envs/hummingbot/envs/hummingbot/lib/python3.13/site-packages/aiohttp/client.py", line 779, in _request
    resp = await handler(req)
           ^^^^^^^^^^^^^^^^^^
  File "/Users/yanyang/opt/anaconda3/envs/hummingbot/envs/hummingbot/lib/python3.13/site-packages/aiohttp/client.py", line 734, in _connect_and_send_request
    conn = await self._connector.connect(
           ^^^^^^^^^^^^^^^^^^^^^^^^^^^^^^
        req, traces=traces, timeout=real_timeout
        ^^^^^^^^^^^^^^^^^^^^^^^^^^^^^^^^^^^^^^^^
    )
    ^
  File "/Users/yanyang/opt/anaconda3/envs/hummingbot/envs/hummingbot/lib/python3.13/site-packages/aiohttp/connector.py", line 672, in connect
    proto = await self._create_connection(req, traces, timeout)
            ^^^^^^^^^^^^^^^^^^^^^^^^^^^^^^^^^^^^^^^^^^^^^^^^^^^
  File "/Users/yanyang/opt/anaconda3/envs/hummingbot/envs/hummingbot/lib/python3.13/site-packages/aiohttp/connector.py", line 1239, in _create_connection
    _, proto = await self._create_direct_connection(req, traces, timeout)
               ^^^^^^^^^^^^^^^^^^^^^^^^^^^^^^^^^^^^^^^^^^^^^^^^^^^^^^^^^^
  File "/Users/yanyang/opt/anaconda3/envs/hummingbot/envs/hummingbot/lib/python3.13/site-packages/aiohttp/connector.py", line 1611, in _create_direct_connection
    raise last_exc
  File "/Users/yanyang/opt/anaconda3/envs/hummingbot/envs/hummingbot/lib/python3.13/site-packages/aiohttp/connector.py", line 1580, in _create_direct_connection
    transp, proto = await self._wrap_create_connection(
                    ^^^^^^^^^^^^^^^^^^^^^^^^^^^^^^^^^^^
    ...<7 lines>...
    )
    ^
  File "/Users/yanyang/opt/anaconda3/envs/hummingbot/envs/hummingbot/lib/python3.13/site-packages/aiohttp/connector.py", line 1321, in _wrap_create_connection
    raise client_error(req.connection_key, exc) from exc
aiohttp.client_exceptions.ClientConnectorError: Cannot connect to host api.kucoin.com:443 ssl:default [None]
2026-01-29 13:43:34,681 - 69977 - hummingbot.connector.time_synchronizer - WARNING - Could not refresh server time. Check network connection.
2026-01-29 13:43:34,682 - 69977 - hummingbot.connector.time_synchronizer - NETWORK - Error getting server time.
Traceback (most recent call last):
  File "/Users/yanyang/opt/anaconda3/envs/hummingbot/envs/hummingbot/lib/python3.13/site-packages/aiohttp/connector.py", line 1313, in _wrap_create_connection
    return await self._loop.create_connection(*args, **kwargs, sock=sock)
           ^^^^^^^^^^^^^^^^^^^^^^^^^^^^^^^^^^^^^^^^^^^^^^^^^^^^^^^^^^^^^^
  File "/Users/yanyang/opt/anaconda3/envs/hummingbot/envs/hummingbot/lib/python3.13/asyncio/base_events.py", line 1201, in create_connection
    transport, protocol = await self._create_connection_transport(
                          ^^^^^^^^^^^^^^^^^^^^^^^^^^^^^^^^^^^^^^^^
    ...<2 lines>...
        ssl_shutdown_timeout=ssl_shutdown_timeout)
        ^^^^^^^^^^^^^^^^^^^^^^^^^^^^^^^^^^^^^^^^^^
  File "/Users/yanyang/opt/anaconda3/envs/hummingbot/envs/hummingbot/lib/python3.13/asyncio/base_events.py", line 1234, in _create_connection_transport
    await waiter
  File "/Users/yanyang/opt/anaconda3/envs/hummingbot/envs/hummingbot/lib/python3.13/asyncio/sslproto.py", line 581, in _on_handshake_complete
    raise handshake_exc
ConnectionResetError

The above exception was the direct cause of the following exception:

Traceback (most recent call last):
  File "/Users/yanyang/hummingbot-2.11.0/hummingbot/connector/time_synchronizer.py", line 66, in update_server_time_offset_with_time_provider
    server_time_ms: float = await time_provider
                            ^^^^^^^^^^^^^^^^^^^
  File "/Users/yanyang/hummingbot-2.11.0/hummingbot/connector/exchange/binance/binance_web_utils.py", line 69, in get_current_server_time
    response = await rest_assistant.execute_request(
               ^^^^^^^^^^^^^^^^^^^^^^^^^^^^^^^^^^^^^
    ...<3 lines>...
    )
    ^
  File "/Users/yanyang/hummingbot-2.11.0/hummingbot/core/web_assistant/rest_assistant.py", line 48, in execute_request
    response = await self.execute_request_and_get_response(
               ^^^^^^^^^^^^^^^^^^^^^^^^^^^^^^^^^^^^^^^^^^^^
    ...<9 lines>...
    )
    ^
  File "/Users/yanyang/hummingbot-2.11.0/hummingbot/core/web_assistant/rest_assistant.py", line 95, in execute_request_and_get_response
    response = await self.call(request=request, timeout=timeout)
               ^^^^^^^^^^^^^^^^^^^^^^^^^^^^^^^^^^^^^^^^^^^^^^^^^
  File "/Users/yanyang/hummingbot-2.11.0/hummingbot/core/web_assistant/rest_assistant.py", line 109, in call
    resp = await wait_for(self._connection.call(request), timeout)
           ^^^^^^^^^^^^^^^^^^^^^^^^^^^^^^^^^^^^^^^^^^^^^^^^^^^^^^^
  File "/Users/yanyang/opt/anaconda3/envs/hummingbot/envs/hummingbot/lib/python3.13/asyncio/tasks.py", line 507, in wait_for
    return await fut
           ^^^^^^^^^
  File "/Users/yanyang/hummingbot-2.11.0/hummingbot/core/web_assistant/connections/rest_connection.py", line 10, in call
    aiohttp_resp = await self._client_session.request(
                   ^^^^^^^^^^^^^^^^^^^^^^^^^^^^^^^^^^^
    ...<5 lines>...
    )
    ^
  File "/Users/yanyang/opt/anaconda3/envs/hummingbot/envs/hummingbot/lib/python3.13/site-packages/aiohttp/client.py", line 779, in _request
    resp = await handler(req)
           ^^^^^^^^^^^^^^^^^^
  File "/Users/yanyang/opt/anaconda3/envs/hummingbot/envs/hummingbot/lib/python3.13/site-packages/aiohttp/client.py", line 734, in _connect_and_send_request
    conn = await self._connector.connect(
           ^^^^^^^^^^^^^^^^^^^^^^^^^^^^^^
        req, traces=traces, timeout=real_timeout
        ^^^^^^^^^^^^^^^^^^^^^^^^^^^^^^^^^^^^^^^^
    )
    ^
  File "/Users/yanyang/opt/anaconda3/envs/hummingbot/envs/hummingbot/lib/python3.13/site-packages/aiohttp/connector.py", line 672, in connect
    proto = await self._create_connection(req, traces, timeout)
            ^^^^^^^^^^^^^^^^^^^^^^^^^^^^^^^^^^^^^^^^^^^^^^^^^^^
  File "/Users/yanyang/opt/anaconda3/envs/hummingbot/envs/hummingbot/lib/python3.13/site-packages/aiohttp/connector.py", line 1239, in _create_connection
    _, proto = await self._create_direct_connection(req, traces, timeout)
               ^^^^^^^^^^^^^^^^^^^^^^^^^^^^^^^^^^^^^^^^^^^^^^^^^^^^^^^^^^
  File "/Users/yanyang/opt/anaconda3/envs/hummingbot/envs/hummingbot/lib/python3.13/site-packages/aiohttp/connector.py", line 1611, in _create_direct_connection
    raise last_exc
  File "/Users/yanyang/opt/anaconda3/envs/hummingbot/envs/hummingbot/lib/python3.13/site-packages/aiohttp/connector.py", line 1580, in _create_direct_connection
    transp, proto = await self._wrap_create_connection(
                    ^^^^^^^^^^^^^^^^^^^^^^^^^^^^^^^^^^^
    ...<7 lines>...
    )
    ^
  File "/Users/yanyang/opt/anaconda3/envs/hummingbot/envs/hummingbot/lib/python3.13/site-packages/aiohttp/connector.py", line 1321, in _wrap_create_connection
    raise client_error(req.connection_key, exc) from exc
aiohttp.client_exceptions.ClientConnectorError: Cannot connect to host api.binance.com:443 ssl:default [None]
2026-01-29 13:43:34,686 - 69977 - hummingbot.connector.time_synchronizer - WARNING - Could not refresh server time. Check network connection.
2026-01-29 13:43:34,687 - 69977 - hummingbot.connector.exchange.kraken.kraken_exchange.KrakenExchange - ERROR - There was an error requesting exchange info.
Traceback (most recent call last):
  File "/Users/yanyang/opt/anaconda3/envs/hummingbot/envs/hummingbot/lib/python3.13/site-packages/aiohttp/connector.py", line 1313, in _wrap_create_connection
    return await self._loop.create_connection(*args, **kwargs, sock=sock)
           ^^^^^^^^^^^^^^^^^^^^^^^^^^^^^^^^^^^^^^^^^^^^^^^^^^^^^^^^^^^^^^
  File "/Users/yanyang/opt/anaconda3/envs/hummingbot/envs/hummingbot/lib/python3.13/asyncio/base_events.py", line 1201, in create_connection
    transport, protocol = await self._create_connection_transport(
                          ^^^^^^^^^^^^^^^^^^^^^^^^^^^^^^^^^^^^^^^^
    ...<2 lines>...
        ssl_shutdown_timeout=ssl_shutdown_timeout)
        ^^^^^^^^^^^^^^^^^^^^^^^^^^^^^^^^^^^^^^^^^^
  File "/Users/yanyang/opt/anaconda3/envs/hummingbot/envs/hummingbot/lib/python3.13/asyncio/base_events.py", line 1234, in _create_connection_transport
    await waiter
  File "/Users/yanyang/opt/anaconda3/envs/hummingbot/envs/hummingbot/lib/python3.13/asyncio/sslproto.py", line 581, in _on_handshake_complete
    raise handshake_exc
ConnectionResetError

The above exception was the direct cause of the following exception:

Traceback (most recent call last):
  File "/Users/yanyang/hummingbot-2.11.0/hummingbot/connector/exchange_py_base.py", line 1078, in _initialize_trading_pair_symbol_map
    exchange_info = await self._make_trading_pairs_request()
                    ^^^^^^^^^^^^^^^^^^^^^^^^^^^^^^^^^^^^^^^^
  File "/Users/yanyang/hummingbot-2.11.0/hummingbot/connector/exchange_py_base.py", line 1091, in _make_trading_pairs_request
    exchange_info = await self._api_get(path_url=self.trading_pairs_request_path)
                    ^^^^^^^^^^^^^^^^^^^^^^^^^^^^^^^^^^^^^^^^^^^^^^^^^^^^^^^^^^^^^
  File "/Users/yanyang/hummingbot-2.11.0/hummingbot/connector/exchange/kraken/kraken_exchange.py", line 188, in _api_get
    return await self._api_request_with_retry(*args, **kwargs)
           ^^^^^^^^^^^^^^^^^^^^^^^^^^^^^^^^^^^^^^^^^^^^^^^^^^^
  File "/Users/yanyang/hummingbot-2.11.0/hummingbot/connector/exchange/kraken/kraken_exchange.py", line 351, in _api_request_with_retry
    raise e
  File "/Users/yanyang/hummingbot-2.11.0/hummingbot/connector/exchange/kraken/kraken_exchange.py", line 325, in _api_request_with_retry
    response_json = await self._api_request(path_url=path_url, method=method, params=params, data=data,
                    ^^^^^^^^^^^^^^^^^^^^^^^^^^^^^^^^^^^^^^^^^^^^^^^^^^^^^^^^^^^^^^^^^^^^^^^^^^^^^^^^^^^
                                            is_auth_required=is_auth_required)
                                            ^^^^^^^^^^^^^^^^^^^^^^^^^^^^^^^^^^
  File "/Users/yanyang/hummingbot-2.11.0/hummingbot/connector/exchange_py_base.py", line 911, in _api_request
    request_result = await rest_assistant.execute_request(
                     ^^^^^^^^^^^^^^^^^^^^^^^^^^^^^^^^^^^^^
    ...<8 lines>...
    )
    ^
  File "/Users/yanyang/hummingbot-2.11.0/hummingbot/core/web_assistant/rest_assistant.py", line 48, in execute_request
    response = await self.execute_request_and_get_response(
               ^^^^^^^^^^^^^^^^^^^^^^^^^^^^^^^^^^^^^^^^^^^^
    ...<9 lines>...
    )
    ^
  File "/Users/yanyang/hummingbot-2.11.0/hummingbot/core/web_assistant/rest_assistant.py", line 95, in execute_request_and_get_response
    response = await self.call(request=request, timeout=timeout)
               ^^^^^^^^^^^^^^^^^^^^^^^^^^^^^^^^^^^^^^^^^^^^^^^^^
  File "/Users/yanyang/hummingbot-2.11.0/hummingbot/core/web_assistant/rest_assistant.py", line 109, in call
    resp = await wait_for(self._connection.call(request), timeout)
           ^^^^^^^^^^^^^^^^^^^^^^^^^^^^^^^^^^^^^^^^^^^^^^^^^^^^^^^
  File "/Users/yanyang/opt/anaconda3/envs/hummingbot/envs/hummingbot/lib/python3.13/asyncio/tasks.py", line 507, in wait_for
    return await fut
           ^^^^^^^^^
  File "/Users/yanyang/hummingbot-2.11.0/hummingbot/core/web_assistant/connections/rest_connection.py", line 10, in call
    aiohttp_resp = await self._client_session.request(
                   ^^^^^^^^^^^^^^^^^^^^^^^^^^^^^^^^^^^
    ...<5 lines>...
    )
    ^
  File "/Users/yanyang/opt/anaconda3/envs/hummingbot/envs/hummingbot/lib/python3.13/site-packages/aiohttp/client.py", line 779, in _request
    resp = await handler(req)
           ^^^^^^^^^^^^^^^^^^
  File "/Users/yanyang/opt/anaconda3/envs/hummingbot/envs/hummingbot/lib/python3.13/site-packages/aiohttp/client.py", line 734, in _connect_and_send_request
    conn = await self._connector.connect(
           ^^^^^^^^^^^^^^^^^^^^^^^^^^^^^^
        req, traces=traces, timeout=real_timeout
        ^^^^^^^^^^^^^^^^^^^^^^^^^^^^^^^^^^^^^^^^
    )
    ^
  File "/Users/yanyang/opt/anaconda3/envs/hummingbot/envs/hummingbot/lib/python3.13/site-packages/aiohttp/connector.py", line 672, in connect
    proto = await self._create_connection(req, traces, timeout)
            ^^^^^^^^^^^^^^^^^^^^^^^^^^^^^^^^^^^^^^^^^^^^^^^^^^^
  File "/Users/yanyang/opt/anaconda3/envs/hummingbot/envs/hummingbot/lib/python3.13/site-packages/aiohttp/connector.py", line 1239, in _create_connection
    _, proto = await self._create_direct_connection(req, traces, timeout)
               ^^^^^^^^^^^^^^^^^^^^^^^^^^^^^^^^^^^^^^^^^^^^^^^^^^^^^^^^^^
  File "/Users/yanyang/opt/anaconda3/envs/hummingbot/envs/hummingbot/lib/python3.13/site-packages/aiohttp/connector.py", line 1611, in _create_direct_connection
    raise last_exc
  File "/Users/yanyang/opt/anaconda3/envs/hummingbot/envs/hummingbot/lib/python3.13/site-packages/aiohttp/connector.py", line 1580, in _create_direct_connection
    transp, proto = await self._wrap_create_connection(
                    ^^^^^^^^^^^^^^^^^^^^^^^^^^^^^^^^^^^
    ...<7 lines>...
    )
    ^
  File "/Users/yanyang/opt/anaconda3/envs/hummingbot/envs/hummingbot/lib/python3.13/site-packages/aiohttp/connector.py", line 1321, in _wrap_create_connection
    raise client_error(req.connection_key, exc) from exc
aiohttp.client_exceptions.ClientConnectorError: Cannot connect to host api.kraken.com:443 ssl:default [None]
2026-01-29 13:43:39,684 - 69977 - hummingbot.connector.exchange.kucoin.kucoin_exchange.KucoinExchange - ERROR - There was an error requesting exchange info.
Traceback (most recent call last):
  File "/Users/yanyang/opt/anaconda3/envs/hummingbot/envs/hummingbot/lib/python3.13/site-packages/aiohttp/connector.py", line 1313, in _wrap_create_connection
    return await self._loop.create_connection(*args, **kwargs, sock=sock)
           ^^^^^^^^^^^^^^^^^^^^^^^^^^^^^^^^^^^^^^^^^^^^^^^^^^^^^^^^^^^^^^
  File "/Users/yanyang/opt/anaconda3/envs/hummingbot/envs/hummingbot/lib/python3.13/asyncio/base_events.py", line 1201, in create_connection
    transport, protocol = await self._create_connection_transport(
                          ^^^^^^^^^^^^^^^^^^^^^^^^^^^^^^^^^^^^^^^^
    ...<2 lines>...
        ssl_shutdown_timeout=ssl_shutdown_timeout)
        ^^^^^^^^^^^^^^^^^^^^^^^^^^^^^^^^^^^^^^^^^^
  File "/Users/yanyang/opt/anaconda3/envs/hummingbot/envs/hummingbot/lib/python3.13/asyncio/base_events.py", line 1234, in _create_connection_transport
    await waiter
  File "/Users/yanyang/opt/anaconda3/envs/hummingbot/envs/hummingbot/lib/python3.13/asyncio/sslproto.py", line 581, in _on_handshake_complete
    raise handshake_exc
ConnectionResetError

The above exception was the direct cause of the following exception:

Traceback (most recent call last):
  File "/Users/yanyang/hummingbot-2.11.0/hummingbot/connector/exchange_py_base.py", line 1078, in _initialize_trading_pair_symbol_map
    exchange_info = await self._make_trading_pairs_request()
                    ^^^^^^^^^^^^^^^^^^^^^^^^^^^^^^^^^^^^^^^^
  File "/Users/yanyang/hummingbot-2.11.0/hummingbot/connector/exchange_py_base.py", line 1091, in _make_trading_pairs_request
    exchange_info = await self._api_get(path_url=self.trading_pairs_request_path)
                    ^^^^^^^^^^^^^^^^^^^^^^^^^^^^^^^^^^^^^^^^^^^^^^^^^^^^^^^^^^^^^
  File "/Users/yanyang/hummingbot-2.11.0/hummingbot/connector/exchange_py_base.py", line 868, in _api_get
    return await self._api_request(*args, **kwargs)
           ^^^^^^^^^^^^^^^^^^^^^^^^^^^^^^^^^^^^^^^^
  File "/Users/yanyang/hummingbot-2.11.0/hummingbot/connector/exchange_py_base.py", line 911, in _api_request
    request_result = await rest_assistant.execute_request(
                     ^^^^^^^^^^^^^^^^^^^^^^^^^^^^^^^^^^^^^
    ...<8 lines>...
    )
    ^
  File "/Users/yanyang/hummingbot-2.11.0/hummingbot/core/web_assistant/rest_assistant.py", line 48, in execute_request
    response = await self.execute_request_and_get_response(
               ^^^^^^^^^^^^^^^^^^^^^^^^^^^^^^^^^^^^^^^^^^^^
    ...<9 lines>...
    )
    ^
  File "/Users/yanyang/hummingbot-2.11.0/hummingbot/core/web_assistant/rest_assistant.py", line 95, in execute_request_and_get_response
    response = await self.call(request=request, timeout=timeout)
               ^^^^^^^^^^^^^^^^^^^^^^^^^^^^^^^^^^^^^^^^^^^^^^^^^
  File "/Users/yanyang/hummingbot-2.11.0/hummingbot/core/web_assistant/rest_assistant.py", line 109, in call
    resp = await wait_for(self._connection.call(request), timeout)
           ^^^^^^^^^^^^^^^^^^^^^^^^^^^^^^^^^^^^^^^^^^^^^^^^^^^^^^^
  File "/Users/yanyang/opt/anaconda3/envs/hummingbot/envs/hummingbot/lib/python3.13/asyncio/tasks.py", line 507, in wait_for
    return await fut
           ^^^^^^^^^
  File "/Users/yanyang/hummingbot-2.11.0/hummingbot/core/web_assistant/connections/rest_connection.py", line 10, in call
    aiohttp_resp = await self._client_session.request(
                   ^^^^^^^^^^^^^^^^^^^^^^^^^^^^^^^^^^^
    ...<5 lines>...
    )
    ^
  File "/Users/yanyang/opt/anaconda3/envs/hummingbot/envs/hummingbot/lib/python3.13/site-packages/aiohttp/client.py", line 779, in _request
    resp = await handler(req)
           ^^^^^^^^^^^^^^^^^^
  File "/Users/yanyang/opt/anaconda3/envs/hummingbot/envs/hummingbot/lib/python3.13/site-packages/aiohttp/client.py", line 734, in _connect_and_send_request
    conn = await self._connector.connect(
           ^^^^^^^^^^^^^^^^^^^^^^^^^^^^^^
        req, traces=traces, timeout=real_timeout
        ^^^^^^^^^^^^^^^^^^^^^^^^^^^^^^^^^^^^^^^^
    )
    ^
  File "/Users/yanyang/opt/anaconda3/envs/hummingbot/envs/hummingbot/lib/python3.13/site-packages/aiohttp/connector.py", line 672, in connect
    proto = await self._create_connection(req, traces, timeout)
            ^^^^^^^^^^^^^^^^^^^^^^^^^^^^^^^^^^^^^^^^^^^^^^^^^^^
  File "/Users/yanyang/opt/anaconda3/envs/hummingbot/envs/hummingbot/lib/python3.13/site-packages/aiohttp/connector.py", line 1239, in _create_connection
    _, proto = await self._create_direct_connection(req, traces, timeout)
               ^^^^^^^^^^^^^^^^^^^^^^^^^^^^^^^^^^^^^^^^^^^^^^^^^^^^^^^^^^
  File "/Users/yanyang/opt/anaconda3/envs/hummingbot/envs/hummingbot/lib/python3.13/site-packages/aiohttp/connector.py", line 1611, in _create_direct_connection
    raise last_exc
  File "/Users/yanyang/opt/anaconda3/envs/hummingbot/envs/hummingbot/lib/python3.13/site-packages/aiohttp/connector.py", line 1580, in _create_direct_connection
    transp, proto = await self._wrap_create_connection(
                    ^^^^^^^^^^^^^^^^^^^^^^^^^^^^^^^^^^^
    ...<7 lines>...
    )
    ^
  File "/Users/yanyang/opt/anaconda3/envs/hummingbot/envs/hummingbot/lib/python3.13/site-packages/aiohttp/connector.py", line 1321, in _wrap_create_connection
    raise client_error(req.connection_key, exc) from exc
aiohttp.client_exceptions.ClientConnectorError: Cannot connect to host api.kucoin.com:443 ssl:default [None]
2026-01-29 13:43:39,689 - 69977 - hummingbot.connector.exchange.binance.binance_exchange.BinanceExchange - ERROR - There was an error requesting exchange info.
Traceback (most recent call last):
  File "/Users/yanyang/opt/anaconda3/envs/hummingbot/envs/hummingbot/lib/python3.13/site-packages/aiohttp/connector.py", line 1313, in _wrap_create_connection
    return await self._loop.create_connection(*args, **kwargs, sock=sock)
           ^^^^^^^^^^^^^^^^^^^^^^^^^^^^^^^^^^^^^^^^^^^^^^^^^^^^^^^^^^^^^^
  File "/Users/yanyang/opt/anaconda3/envs/hummingbot/envs/hummingbot/lib/python3.13/asyncio/base_events.py", line 1201, in create_connection
    transport, protocol = await self._create_connection_transport(
                          ^^^^^^^^^^^^^^^^^^^^^^^^^^^^^^^^^^^^^^^^
    ...<2 lines>...
        ssl_shutdown_timeout=ssl_shutdown_timeout)
        ^^^^^^^^^^^^^^^^^^^^^^^^^^^^^^^^^^^^^^^^^^
  File "/Users/yanyang/opt/anaconda3/envs/hummingbot/envs/hummingbot/lib/python3.13/asyncio/base_events.py", line 1234, in _create_connection_transport
    await waiter
  File "/Users/yanyang/opt/anaconda3/envs/hummingbot/envs/hummingbot/lib/python3.13/asyncio/sslproto.py", line 581, in _on_handshake_complete
    raise handshake_exc
ConnectionResetError

The above exception was the direct cause of the following exception:

Traceback (most recent call last):
  File "/Users/yanyang/hummingbot-2.11.0/hummingbot/connector/exchange_py_base.py", line 1078, in _initialize_trading_pair_symbol_map
    exchange_info = await self._make_trading_pairs_request()
                    ^^^^^^^^^^^^^^^^^^^^^^^^^^^^^^^^^^^^^^^^
  File "/Users/yanyang/hummingbot-2.11.0/hummingbot/connector/exchange_py_base.py", line 1091, in _make_trading_pairs_request
    exchange_info = await self._api_get(path_url=self.trading_pairs_request_path)
                    ^^^^^^^^^^^^^^^^^^^^^^^^^^^^^^^^^^^^^^^^^^^^^^^^^^^^^^^^^^^^^
  File "/Users/yanyang/hummingbot-2.11.0/hummingbot/connector/exchange_py_base.py", line 868, in _api_get
    return await self._api_request(*args, **kwargs)
           ^^^^^^^^^^^^^^^^^^^^^^^^^^^^^^^^^^^^^^^^
  File "/Users/yanyang/hummingbot-2.11.0/hummingbot/connector/exchange_py_base.py", line 911, in _api_request
    request_result = await rest_assistant.execute_request(
                     ^^^^^^^^^^^^^^^^^^^^^^^^^^^^^^^^^^^^^
    ...<8 lines>...
    )
    ^
  File "/Users/yanyang/hummingbot-2.11.0/hummingbot/core/web_assistant/rest_assistant.py", line 48, in execute_request
    response = await self.execute_request_and_get_response(
               ^^^^^^^^^^^^^^^^^^^^^^^^^^^^^^^^^^^^^^^^^^^^
    ...<9 lines>...
    )
    ^
  File "/Users/yanyang/hummingbot-2.11.0/hummingbot/core/web_assistant/rest_assistant.py", line 95, in execute_request_and_get_response
    response = await self.call(request=request, timeout=timeout)
               ^^^^^^^^^^^^^^^^^^^^^^^^^^^^^^^^^^^^^^^^^^^^^^^^^
  File "/Users/yanyang/hummingbot-2.11.0/hummingbot/core/web_assistant/rest_assistant.py", line 109, in call
    resp = await wait_for(self._connection.call(request), timeout)
           ^^^^^^^^^^^^^^^^^^^^^^^^^^^^^^^^^^^^^^^^^^^^^^^^^^^^^^^
  File "/Users/yanyang/opt/anaconda3/envs/hummingbot/envs/hummingbot/lib/python3.13/asyncio/tasks.py", line 507, in wait_for
    return await fut
           ^^^^^^^^^
  File "/Users/yanyang/hummingbot-2.11.0/hummingbot/core/web_assistant/connections/rest_connection.py", line 10, in call
    aiohttp_resp = await self._client_session.request(
                   ^^^^^^^^^^^^^^^^^^^^^^^^^^^^^^^^^^^
    ...<5 lines>...
    )
    ^
  File "/Users/yanyang/opt/anaconda3/envs/hummingbot/envs/hummingbot/lib/python3.13/site-packages/aiohttp/client.py", line 779, in _request
    resp = await handler(req)
           ^^^^^^^^^^^^^^^^^^
  File "/Users/yanyang/opt/anaconda3/envs/hummingbot/envs/hummingbot/lib/python3.13/site-packages/aiohttp/client.py", line 734, in _connect_and_send_request
    conn = await self._connector.connect(
           ^^^^^^^^^^^^^^^^^^^^^^^^^^^^^^
        req, traces=traces, timeout=real_timeout
        ^^^^^^^^^^^^^^^^^^^^^^^^^^^^^^^^^^^^^^^^
    )
    ^
  File "/Users/yanyang/opt/anaconda3/envs/hummingbot/envs/hummingbot/lib/python3.13/site-packages/aiohttp/connector.py", line 672, in connect
    proto = await self._create_connection(req, traces, timeout)
            ^^^^^^^^^^^^^^^^^^^^^^^^^^^^^^^^^^^^^^^^^^^^^^^^^^^
  File "/Users/yanyang/opt/anaconda3/envs/hummingbot/envs/hummingbot/lib/python3.13/site-packages/aiohttp/connector.py", line 1239, in _create_connection
    _, proto = await self._create_direct_connection(req, traces, timeout)
               ^^^^^^^^^^^^^^^^^^^^^^^^^^^^^^^^^^^^^^^^^^^^^^^^^^^^^^^^^^
  File "/Users/yanyang/opt/anaconda3/envs/hummingbot/envs/hummingbot/lib/python3.13/site-packages/aiohttp/connector.py", line 1611, in _create_direct_connection
    raise last_exc
  File "/Users/yanyang/opt/anaconda3/envs/hummingbot/envs/hummingbot/lib/python3.13/site-packages/aiohttp/connector.py", line 1580, in _create_direct_connection
    transp, proto = await self._wrap_create_connection(
                    ^^^^^^^^^^^^^^^^^^^^^^^^^^^^^^^^^^^
    ...<7 lines>...
    )
    ^
  File "/Users/yanyang/opt/anaconda3/envs/hummingbot/envs/hummingbot/lib/python3.13/site-packages/aiohttp/connector.py", line 1321, in _wrap_create_connection
    raise client_error(req.connection_key, exc) from exc
aiohttp.client_exceptions.ClientConnectorError: Cannot connect to host api.binance.com:443 ssl:default [None]
2026-01-29 19:25:03,411 - 5140 - hummingbot.connector.time_synchronizer - NETWORK - Error getting server time.
Traceback (most recent call last):
  File "/Users/yanyang/opt/anaconda3/envs/hummingbot/envs/hummingbot/lib/python3.13/site-packages/aiohttp/connector.py", line 1313, in _wrap_create_connection
    return await self._loop.create_connection(*args, **kwargs, sock=sock)
           ^^^^^^^^^^^^^^^^^^^^^^^^^^^^^^^^^^^^^^^^^^^^^^^^^^^^^^^^^^^^^^
  File "/Users/yanyang/opt/anaconda3/envs/hummingbot/envs/hummingbot/lib/python3.13/asyncio/base_events.py", line 1201, in create_connection
    transport, protocol = await self._create_connection_transport(
                          ^^^^^^^^^^^^^^^^^^^^^^^^^^^^^^^^^^^^^^^^
    ...<2 lines>...
        ssl_shutdown_timeout=ssl_shutdown_timeout)
        ^^^^^^^^^^^^^^^^^^^^^^^^^^^^^^^^^^^^^^^^^^
  File "/Users/yanyang/opt/anaconda3/envs/hummingbot/envs/hummingbot/lib/python3.13/asyncio/base_events.py", line 1234, in _create_connection_transport
    await waiter
  File "/Users/yanyang/opt/anaconda3/envs/hummingbot/envs/hummingbot/lib/python3.13/asyncio/sslproto.py", line 581, in _on_handshake_complete
    raise handshake_exc
ConnectionResetError

The above exception was the direct cause of the following exception:

Traceback (most recent call last):
  File "/Users/yanyang/hummingbot-2.11.0/hummingbot/connector/time_synchronizer.py", line 66, in update_server_time_offset_with_time_provider
    server_time_ms: float = await time_provider
                            ^^^^^^^^^^^^^^^^^^^
  File "/Users/yanyang/hummingbot-2.11.0/hummingbot/connector/exchange/binance/binance_web_utils.py", line 69, in get_current_server_time
    response = await rest_assistant.execute_request(
               ^^^^^^^^^^^^^^^^^^^^^^^^^^^^^^^^^^^^^
    ...<3 lines>...
    )
    ^
  File "/Users/yanyang/hummingbot-2.11.0/hummingbot/core/web_assistant/rest_assistant.py", line 48, in execute_request
    response = await self.execute_request_and_get_response(
               ^^^^^^^^^^^^^^^^^^^^^^^^^^^^^^^^^^^^^^^^^^^^
    ...<9 lines>...
    )
    ^
  File "/Users/yanyang/hummingbot-2.11.0/hummingbot/core/web_assistant/rest_assistant.py", line 95, in execute_request_and_get_response
    response = await self.call(request=request, timeout=timeout)
               ^^^^^^^^^^^^^^^^^^^^^^^^^^^^^^^^^^^^^^^^^^^^^^^^^
  File "/Users/yanyang/hummingbot-2.11.0/hummingbot/core/web_assistant/rest_assistant.py", line 109, in call
    resp = await wait_for(self._connection.call(request), timeout)
           ^^^^^^^^^^^^^^^^^^^^^^^^^^^^^^^^^^^^^^^^^^^^^^^^^^^^^^^
  File "/Users/yanyang/opt/anaconda3/envs/hummingbot/envs/hummingbot/lib/python3.13/asyncio/tasks.py", line 507, in wait_for
    return await fut
           ^^^^^^^^^
  File "/Users/yanyang/hummingbot-2.11.0/hummingbot/core/web_assistant/connections/rest_connection.py", line 10, in call
    aiohttp_resp = await self._client_session.request(
                   ^^^^^^^^^^^^^^^^^^^^^^^^^^^^^^^^^^^
    ...<5 lines>...
    )
    ^
  File "/Users/yanyang/opt/anaconda3/envs/hummingbot/envs/hummingbot/lib/python3.13/site-packages/aiohttp/client.py", line 779, in _request
    resp = await handler(req)
           ^^^^^^^^^^^^^^^^^^
  File "/Users/yanyang/opt/anaconda3/envs/hummingbot/envs/hummingbot/lib/python3.13/site-packages/aiohttp/client.py", line 734, in _connect_and_send_request
    conn = await self._connector.connect(
           ^^^^^^^^^^^^^^^^^^^^^^^^^^^^^^
        req, traces=traces, timeout=real_timeout
        ^^^^^^^^^^^^^^^^^^^^^^^^^^^^^^^^^^^^^^^^
    )
    ^
  File "/Users/yanyang/opt/anaconda3/envs/hummingbot/envs/hummingbot/lib/python3.13/site-packages/aiohttp/connector.py", line 672, in connect
    proto = await self._create_connection(req, traces, timeout)
            ^^^^^^^^^^^^^^^^^^^^^^^^^^^^^^^^^^^^^^^^^^^^^^^^^^^
  File "/Users/yanyang/opt/anaconda3/envs/hummingbot/envs/hummingbot/lib/python3.13/site-packages/aiohttp/connector.py", line 1239, in _create_connection
    _, proto = await self._create_direct_connection(req, traces, timeout)
               ^^^^^^^^^^^^^^^^^^^^^^^^^^^^^^^^^^^^^^^^^^^^^^^^^^^^^^^^^^
  File "/Users/yanyang/opt/anaconda3/envs/hummingbot/envs/hummingbot/lib/python3.13/site-packages/aiohttp/connector.py", line 1611, in _create_direct_connection
    raise last_exc
  File "/Users/yanyang/opt/anaconda3/envs/hummingbot/envs/hummingbot/lib/python3.13/site-packages/aiohttp/connector.py", line 1580, in _create_direct_connection
    transp, proto = await self._wrap_create_connection(
                    ^^^^^^^^^^^^^^^^^^^^^^^^^^^^^^^^^^^
    ...<7 lines>...
    )
    ^
  File "/Users/yanyang/opt/anaconda3/envs/hummingbot/envs/hummingbot/lib/python3.13/site-packages/aiohttp/connector.py", line 1321, in _wrap_create_connection
    raise client_error(req.connection_key, exc) from exc
aiohttp.client_exceptions.ClientConnectorError: Cannot connect to host api.binance.com:443 ssl:default [None]
2026-01-29 19:25:03,423 - 5140 - hummingbot.connector.time_synchronizer - WARNING - Could not refresh server time. Check network connection.
2026-01-29 19:25:03,423 - 5140 - hummingbot.connector.time_synchronizer - NETWORK - Error getting server time.
Traceback (most recent call last):
  File "/Users/yanyang/opt/anaconda3/envs/hummingbot/envs/hummingbot/lib/python3.13/site-packages/aiohttp/connector.py", line 1313, in _wrap_create_connection
    return await self._loop.create_connection(*args, **kwargs, sock=sock)
           ^^^^^^^^^^^^^^^^^^^^^^^^^^^^^^^^^^^^^^^^^^^^^^^^^^^^^^^^^^^^^^
  File "/Users/yanyang/opt/anaconda3/envs/hummingbot/envs/hummingbot/lib/python3.13/asyncio/base_events.py", line 1201, in create_connection
    transport, protocol = await self._create_connection_transport(
                          ^^^^^^^^^^^^^^^^^^^^^^^^^^^^^^^^^^^^^^^^
    ...<2 lines>...
        ssl_shutdown_timeout=ssl_shutdown_timeout)
        ^^^^^^^^^^^^^^^^^^^^^^^^^^^^^^^^^^^^^^^^^^
  File "/Users/yanyang/opt/anaconda3/envs/hummingbot/envs/hummingbot/lib/python3.13/asyncio/base_events.py", line 1234, in _create_connection_transport
    await waiter
  File "/Users/yanyang/opt/anaconda3/envs/hummingbot/envs/hummingbot/lib/python3.13/asyncio/sslproto.py", line 581, in _on_handshake_complete
    raise handshake_exc
ConnectionResetError

The above exception was the direct cause of the following exception:

Traceback (most recent call last):
  File "/Users/yanyang/hummingbot-2.11.0/hummingbot/connector/time_synchronizer.py", line 66, in update_server_time_offset_with_time_provider
    server_time_ms: float = await time_provider
                            ^^^^^^^^^^^^^^^^^^^
  File "/Users/yanyang/hummingbot-2.11.0/hummingbot/connector/exchange/kucoin/kucoin_web_utils.py", line 74, in get_current_server_time
    response = await rest_assistant.execute_request(
               ^^^^^^^^^^^^^^^^^^^^^^^^^^^^^^^^^^^^^
    ...<3 lines>...
    )
    ^
  File "/Users/yanyang/hummingbot-2.11.0/hummingbot/core/web_assistant/rest_assistant.py", line 48, in execute_request
    response = await self.execute_request_and_get_response(
               ^^^^^^^^^^^^^^^^^^^^^^^^^^^^^^^^^^^^^^^^^^^^
    ...<9 lines>...
    )
    ^
  File "/Users/yanyang/hummingbot-2.11.0/hummingbot/core/web_assistant/rest_assistant.py", line 95, in execute_request_and_get_response
    response = await self.call(request=request, timeout=timeout)
               ^^^^^^^^^^^^^^^^^^^^^^^^^^^^^^^^^^^^^^^^^^^^^^^^^
  File "/Users/yanyang/hummingbot-2.11.0/hummingbot/core/web_assistant/rest_assistant.py", line 109, in call
    resp = await wait_for(self._connection.call(request), timeout)
           ^^^^^^^^^^^^^^^^^^^^^^^^^^^^^^^^^^^^^^^^^^^^^^^^^^^^^^^
  File "/Users/yanyang/opt/anaconda3/envs/hummingbot/envs/hummingbot/lib/python3.13/asyncio/tasks.py", line 507, in wait_for
    return await fut
           ^^^^^^^^^
  File "/Users/yanyang/hummingbot-2.11.0/hummingbot/core/web_assistant/connections/rest_connection.py", line 10, in call
    aiohttp_resp = await self._client_session.request(
                   ^^^^^^^^^^^^^^^^^^^^^^^^^^^^^^^^^^^
    ...<5 lines>...
    )
    ^
  File "/Users/yanyang/opt/anaconda3/envs/hummingbot/envs/hummingbot/lib/python3.13/site-packages/aiohttp/client.py", line 779, in _request
    resp = await handler(req)
           ^^^^^^^^^^^^^^^^^^
  File "/Users/yanyang/opt/anaconda3/envs/hummingbot/envs/hummingbot/lib/python3.13/site-packages/aiohttp/client.py", line 734, in _connect_and_send_request
    conn = await self._connector.connect(
           ^^^^^^^^^^^^^^^^^^^^^^^^^^^^^^
        req, traces=traces, timeout=real_timeout
        ^^^^^^^^^^^^^^^^^^^^^^^^^^^^^^^^^^^^^^^^
    )
    ^
  File "/Users/yanyang/opt/anaconda3/envs/hummingbot/envs/hummingbot/lib/python3.13/site-packages/aiohttp/connector.py", line 672, in connect
    proto = await self._create_connection(req, traces, timeout)
            ^^^^^^^^^^^^^^^^^^^^^^^^^^^^^^^^^^^^^^^^^^^^^^^^^^^
  File "/Users/yanyang/opt/anaconda3/envs/hummingbot/envs/hummingbot/lib/python3.13/site-packages/aiohttp/connector.py", line 1239, in _create_connection
    _, proto = await self._create_direct_connection(req, traces, timeout)
               ^^^^^^^^^^^^^^^^^^^^^^^^^^^^^^^^^^^^^^^^^^^^^^^^^^^^^^^^^^
  File "/Users/yanyang/opt/anaconda3/envs/hummingbot/envs/hummingbot/lib/python3.13/site-packages/aiohttp/connector.py", line 1611, in _create_direct_connection
    raise last_exc
  File "/Users/yanyang/opt/anaconda3/envs/hummingbot/envs/hummingbot/lib/python3.13/site-packages/aiohttp/connector.py", line 1580, in _create_direct_connection
    transp, proto = await self._wrap_create_connection(
                    ^^^^^^^^^^^^^^^^^^^^^^^^^^^^^^^^^^^
    ...<7 lines>...
    )
    ^
  File "/Users/yanyang/opt/anaconda3/envs/hummingbot/envs/hummingbot/lib/python3.13/site-packages/aiohttp/connector.py", line 1321, in _wrap_create_connection
    raise client_error(req.connection_key, exc) from exc
aiohttp.client_exceptions.ClientConnectorError: Cannot connect to host api.kucoin.com:443 ssl:default [None]
2026-01-29 19:25:03,427 - 5140 - hummingbot.connector.time_synchronizer - WARNING - Could not refresh server time. Check network connection.
2026-01-29 19:25:03,427 - 5140 - hummingbot.connector.exchange.kraken.kraken_exchange.KrakenExchange - ERROR - There was an error requesting exchange info.
Traceback (most recent call last):
  File "/Users/yanyang/opt/anaconda3/envs/hummingbot/envs/hummingbot/lib/python3.13/site-packages/aiohttp/connector.py", line 1313, in _wrap_create_connection
    return await self._loop.create_connection(*args, **kwargs, sock=sock)
           ^^^^^^^^^^^^^^^^^^^^^^^^^^^^^^^^^^^^^^^^^^^^^^^^^^^^^^^^^^^^^^
  File "/Users/yanyang/opt/anaconda3/envs/hummingbot/envs/hummingbot/lib/python3.13/asyncio/base_events.py", line 1201, in create_connection
    transport, protocol = await self._create_connection_transport(
                          ^^^^^^^^^^^^^^^^^^^^^^^^^^^^^^^^^^^^^^^^
    ...<2 lines>...
        ssl_shutdown_timeout=ssl_shutdown_timeout)
        ^^^^^^^^^^^^^^^^^^^^^^^^^^^^^^^^^^^^^^^^^^
  File "/Users/yanyang/opt/anaconda3/envs/hummingbot/envs/hummingbot/lib/python3.13/asyncio/base_events.py", line 1234, in _create_connection_transport
    await waiter
  File "/Users/yanyang/opt/anaconda3/envs/hummingbot/envs/hummingbot/lib/python3.13/asyncio/sslproto.py", line 581, in _on_handshake_complete
    raise handshake_exc
ConnectionResetError

The above exception was the direct cause of the following exception:

Traceback (most recent call last):
  File "/Users/yanyang/hummingbot-2.11.0/hummingbot/connector/exchange_py_base.py", line 1078, in _initialize_trading_pair_symbol_map
    exchange_info = await self._make_trading_pairs_request()
                    ^^^^^^^^^^^^^^^^^^^^^^^^^^^^^^^^^^^^^^^^
  File "/Users/yanyang/hummingbot-2.11.0/hummingbot/connector/exchange_py_base.py", line 1091, in _make_trading_pairs_request
    exchange_info = await self._api_get(path_url=self.trading_pairs_request_path)
                    ^^^^^^^^^^^^^^^^^^^^^^^^^^^^^^^^^^^^^^^^^^^^^^^^^^^^^^^^^^^^^
  File "/Users/yanyang/hummingbot-2.11.0/hummingbot/connector/exchange/kraken/kraken_exchange.py", line 188, in _api_get
    return await self._api_request_with_retry(*args, **kwargs)
           ^^^^^^^^^^^^^^^^^^^^^^^^^^^^^^^^^^^^^^^^^^^^^^^^^^^
  File "/Users/yanyang/hummingbot-2.11.0/hummingbot/connector/exchange/kraken/kraken_exchange.py", line 351, in _api_request_with_retry
    raise e
  File "/Users/yanyang/hummingbot-2.11.0/hummingbot/connector/exchange/kraken/kraken_exchange.py", line 325, in _api_request_with_retry
    response_json = await self._api_request(path_url=path_url, method=method, params=params, data=data,
                    ^^^^^^^^^^^^^^^^^^^^^^^^^^^^^^^^^^^^^^^^^^^^^^^^^^^^^^^^^^^^^^^^^^^^^^^^^^^^^^^^^^^
                                            is_auth_required=is_auth_required)
                                            ^^^^^^^^^^^^^^^^^^^^^^^^^^^^^^^^^^
  File "/Users/yanyang/hummingbot-2.11.0/hummingbot/connector/exchange_py_base.py", line 911, in _api_request
    request_result = await rest_assistant.execute_request(
                     ^^^^^^^^^^^^^^^^^^^^^^^^^^^^^^^^^^^^^
    ...<8 lines>...
    )
    ^
  File "/Users/yanyang/hummingbot-2.11.0/hummingbot/core/web_assistant/rest_assistant.py", line 48, in execute_request
    response = await self.execute_request_and_get_response(
               ^^^^^^^^^^^^^^^^^^^^^^^^^^^^^^^^^^^^^^^^^^^^
    ...<9 lines>...
    )
    ^
  File "/Users/yanyang/hummingbot-2.11.0/hummingbot/core/web_assistant/rest_assistant.py", line 95, in execute_request_and_get_response
    response = await self.call(request=request, timeout=timeout)
               ^^^^^^^^^^^^^^^^^^^^^^^^^^^^^^^^^^^^^^^^^^^^^^^^^
  File "/Users/yanyang/hummingbot-2.11.0/hummingbot/core/web_assistant/rest_assistant.py", line 109, in call
    resp = await wait_for(self._connection.call(request), timeout)
           ^^^^^^^^^^^^^^^^^^^^^^^^^^^^^^^^^^^^^^^^^^^^^^^^^^^^^^^
  File "/Users/yanyang/opt/anaconda3/envs/hummingbot/envs/hummingbot/lib/python3.13/asyncio/tasks.py", line 507, in wait_for
    return await fut
           ^^^^^^^^^
  File "/Users/yanyang/hummingbot-2.11.0/hummingbot/core/web_assistant/connections/rest_connection.py", line 10, in call
    aiohttp_resp = await self._client_session.request(
                   ^^^^^^^^^^^^^^^^^^^^^^^^^^^^^^^^^^^
    ...<5 lines>...
    )
    ^
  File "/Users/yanyang/opt/anaconda3/envs/hummingbot/envs/hummingbot/lib/python3.13/site-packages/aiohttp/client.py", line 779, in _request
    resp = await handler(req)
           ^^^^^^^^^^^^^^^^^^
  File "/Users/yanyang/opt/anaconda3/envs/hummingbot/envs/hummingbot/lib/python3.13/site-packages/aiohttp/client.py", line 734, in _connect_and_send_request
    conn = await self._connector.connect(
           ^^^^^^^^^^^^^^^^^^^^^^^^^^^^^^
        req, traces=traces, timeout=real_timeout
        ^^^^^^^^^^^^^^^^^^^^^^^^^^^^^^^^^^^^^^^^
    )
    ^
  File "/Users/yanyang/opt/anaconda3/envs/hummingbot/envs/hummingbot/lib/python3.13/site-packages/aiohttp/connector.py", line 672, in connect
    proto = await self._create_connection(req, traces, timeout)
            ^^^^^^^^^^^^^^^^^^^^^^^^^^^^^^^^^^^^^^^^^^^^^^^^^^^
  File "/Users/yanyang/opt/anaconda3/envs/hummingbot/envs/hummingbot/lib/python3.13/site-packages/aiohttp/connector.py", line 1239, in _create_connection
    _, proto = await self._create_direct_connection(req, traces, timeout)
               ^^^^^^^^^^^^^^^^^^^^^^^^^^^^^^^^^^^^^^^^^^^^^^^^^^^^^^^^^^
  File "/Users/yanyang/opt/anaconda3/envs/hummingbot/envs/hummingbot/lib/python3.13/site-packages/aiohttp/connector.py", line 1611, in _create_direct_connection
    raise last_exc
  File "/Users/yanyang/opt/anaconda3/envs/hummingbot/envs/hummingbot/lib/python3.13/site-packages/aiohttp/connector.py", line 1580, in _create_direct_connection
    transp, proto = await self._wrap_create_connection(
                    ^^^^^^^^^^^^^^^^^^^^^^^^^^^^^^^^^^^
    ...<7 lines>...
    )
    ^
  File "/Users/yanyang/opt/anaconda3/envs/hummingbot/envs/hummingbot/lib/python3.13/site-packages/aiohttp/connector.py", line 1321, in _wrap_create_connection
    raise client_error(req.connection_key, exc) from exc
aiohttp.client_exceptions.ClientConnectorError: Cannot connect to host api.kraken.com:443 ssl:default [None]
2026-01-29 19:25:08,426 - 5140 - hummingbot.connector.exchange.binance.binance_exchange.BinanceExchange - ERROR - There was an error requesting exchange info.
Traceback (most recent call last):
  File "/Users/yanyang/opt/anaconda3/envs/hummingbot/envs/hummingbot/lib/python3.13/site-packages/aiohttp/connector.py", line 1313, in _wrap_create_connection
    return await self._loop.create_connection(*args, **kwargs, sock=sock)
           ^^^^^^^^^^^^^^^^^^^^^^^^^^^^^^^^^^^^^^^^^^^^^^^^^^^^^^^^^^^^^^
  File "/Users/yanyang/opt/anaconda3/envs/hummingbot/envs/hummingbot/lib/python3.13/asyncio/base_events.py", line 1201, in create_connection
    transport, protocol = await self._create_connection_transport(
                          ^^^^^^^^^^^^^^^^^^^^^^^^^^^^^^^^^^^^^^^^
    ...<2 lines>...
        ssl_shutdown_timeout=ssl_shutdown_timeout)
        ^^^^^^^^^^^^^^^^^^^^^^^^^^^^^^^^^^^^^^^^^^
  File "/Users/yanyang/opt/anaconda3/envs/hummingbot/envs/hummingbot/lib/python3.13/asyncio/base_events.py", line 1234, in _create_connection_transport
    await waiter
  File "/Users/yanyang/opt/anaconda3/envs/hummingbot/envs/hummingbot/lib/python3.13/asyncio/sslproto.py", line 581, in _on_handshake_complete
    raise handshake_exc
ConnectionResetError

The above exception was the direct cause of the following exception:

Traceback (most recent call last):
  File "/Users/yanyang/hummingbot-2.11.0/hummingbot/connector/exchange_py_base.py", line 1078, in _initialize_trading_pair_symbol_map
    exchange_info = await self._make_trading_pairs_request()
                    ^^^^^^^^^^^^^^^^^^^^^^^^^^^^^^^^^^^^^^^^
  File "/Users/yanyang/hummingbot-2.11.0/hummingbot/connector/exchange_py_base.py", line 1091, in _make_trading_pairs_request
    exchange_info = await self._api_get(path_url=self.trading_pairs_request_path)
                    ^^^^^^^^^^^^^^^^^^^^^^^^^^^^^^^^^^^^^^^^^^^^^^^^^^^^^^^^^^^^^
  File "/Users/yanyang/hummingbot-2.11.0/hummingbot/connector/exchange_py_base.py", line 868, in _api_get
    return await self._api_request(*args, **kwargs)
           ^^^^^^^^^^^^^^^^^^^^^^^^^^^^^^^^^^^^^^^^
  File "/Users/yanyang/hummingbot-2.11.0/hummingbot/connector/exchange_py_base.py", line 911, in _api_request
    request_result = await rest_assistant.execute_request(
                     ^^^^^^^^^^^^^^^^^^^^^^^^^^^^^^^^^^^^^
    ...<8 lines>...
    )
    ^
  File "/Users/yanyang/hummingbot-2.11.0/hummingbot/core/web_assistant/rest_assistant.py", line 48, in execute_request
    response = await self.execute_request_and_get_response(
               ^^^^^^^^^^^^^^^^^^^^^^^^^^^^^^^^^^^^^^^^^^^^
    ...<9 lines>...
    )
    ^
  File "/Users/yanyang/hummingbot-2.11.0/hummingbot/core/web_assistant/rest_assistant.py", line 95, in execute_request_and_get_response
    response = await self.call(request=request, timeout=timeout)
               ^^^^^^^^^^^^^^^^^^^^^^^^^^^^^^^^^^^^^^^^^^^^^^^^^
  File "/Users/yanyang/hummingbot-2.11.0/hummingbot/core/web_assistant/rest_assistant.py", line 109, in call
    resp = await wait_for(self._connection.call(request), timeout)
           ^^^^^^^^^^^^^^^^^^^^^^^^^^^^^^^^^^^^^^^^^^^^^^^^^^^^^^^
  File "/Users/yanyang/opt/anaconda3/envs/hummingbot/envs/hummingbot/lib/python3.13/asyncio/tasks.py", line 507, in wait_for
    return await fut
           ^^^^^^^^^
  File "/Users/yanyang/hummingbot-2.11.0/hummingbot/core/web_assistant/connections/rest_connection.py", line 10, in call
    aiohttp_resp = await self._client_session.request(
                   ^^^^^^^^^^^^^^^^^^^^^^^^^^^^^^^^^^^
    ...<5 lines>...
    )
    ^
  File "/Users/yanyang/opt/anaconda3/envs/hummingbot/envs/hummingbot/lib/python3.13/site-packages/aiohttp/client.py", line 779, in _request
    resp = await handler(req)
           ^^^^^^^^^^^^^^^^^^
  File "/Users/yanyang/opt/anaconda3/envs/hummingbot/envs/hummingbot/lib/python3.13/site-packages/aiohttp/client.py", line 734, in _connect_and_send_request
    conn = await self._connector.connect(
           ^^^^^^^^^^^^^^^^^^^^^^^^^^^^^^
        req, traces=traces, timeout=real_timeout
        ^^^^^^^^^^^^^^^^^^^^^^^^^^^^^^^^^^^^^^^^
    )
    ^
  File "/Users/yanyang/opt/anaconda3/envs/hummingbot/envs/hummingbot/lib/python3.13/site-packages/aiohttp/connector.py", line 672, in connect
    proto = await self._create_connection(req, traces, timeout)
            ^^^^^^^^^^^^^^^^^^^^^^^^^^^^^^^^^^^^^^^^^^^^^^^^^^^
  File "/Users/yanyang/opt/anaconda3/envs/hummingbot/envs/hummingbot/lib/python3.13/site-packages/aiohttp/connector.py", line 1239, in _create_connection
    _, proto = await self._create_direct_connection(req, traces, timeout)
               ^^^^^^^^^^^^^^^^^^^^^^^^^^^^^^^^^^^^^^^^^^^^^^^^^^^^^^^^^^
  File "/Users/yanyang/opt/anaconda3/envs/hummingbot/envs/hummingbot/lib/python3.13/site-packages/aiohttp/connector.py", line 1611, in _create_direct_connection
    raise last_exc
  File "/Users/yanyang/opt/anaconda3/envs/hummingbot/envs/hummingbot/lib/python3.13/site-packages/aiohttp/connector.py", line 1580, in _create_direct_connection
    transp, proto = await self._wrap_create_connection(
                    ^^^^^^^^^^^^^^^^^^^^^^^^^^^^^^^^^^^
    ...<7 lines>...
    )
    ^
  File "/Users/yanyang/opt/anaconda3/envs/hummingbot/envs/hummingbot/lib/python3.13/site-packages/aiohttp/connector.py", line 1321, in _wrap_create_connection
    raise client_error(req.connection_key, exc) from exc
aiohttp.client_exceptions.ClientConnectorError: Cannot connect to host api.binance.com:443 ssl:default [None]
2026-01-29 19:25:08,430 - 5140 - hummingbot.connector.exchange.kucoin.kucoin_exchange.KucoinExchange - ERROR - There was an error requesting exchange info.
Traceback (most recent call last):
  File "/Users/yanyang/opt/anaconda3/envs/hummingbot/envs/hummingbot/lib/python3.13/site-packages/aiohttp/connector.py", line 1313, in _wrap_create_connection
    return await self._loop.create_connection(*args, **kwargs, sock=sock)
           ^^^^^^^^^^^^^^^^^^^^^^^^^^^^^^^^^^^^^^^^^^^^^^^^^^^^^^^^^^^^^^
  File "/Users/yanyang/opt/anaconda3/envs/hummingbot/envs/hummingbot/lib/python3.13/asyncio/base_events.py", line 1201, in create_connection
    transport, protocol = await self._create_connection_transport(
                          ^^^^^^^^^^^^^^^^^^^^^^^^^^^^^^^^^^^^^^^^
    ...<2 lines>...
        ssl_shutdown_timeout=ssl_shutdown_timeout)
        ^^^^^^^^^^^^^^^^^^^^^^^^^^^^^^^^^^^^^^^^^^
  File "/Users/yanyang/opt/anaconda3/envs/hummingbot/envs/hummingbot/lib/python3.13/asyncio/base_events.py", line 1234, in _create_connection_transport
    await waiter
  File "/Users/yanyang/opt/anaconda3/envs/hummingbot/envs/hummingbot/lib/python3.13/asyncio/sslproto.py", line 581, in _on_handshake_complete
    raise handshake_exc
ConnectionResetError

The above exception was the direct cause of the following exception:

Traceback (most recent call last):
  File "/Users/yanyang/hummingbot-2.11.0/hummingbot/connector/exchange_py_base.py", line 1078, in _initialize_trading_pair_symbol_map
    exchange_info = await self._make_trading_pairs_request()
                    ^^^^^^^^^^^^^^^^^^^^^^^^^^^^^^^^^^^^^^^^
  File "/Users/yanyang/hummingbot-2.11.0/hummingbot/connector/exchange_py_base.py", line 1091, in _make_trading_pairs_request
    exchange_info = await self._api_get(path_url=self.trading_pairs_request_path)
                    ^^^^^^^^^^^^^^^^^^^^^^^^^^^^^^^^^^^^^^^^^^^^^^^^^^^^^^^^^^^^^
  File "/Users/yanyang/hummingbot-2.11.0/hummingbot/connector/exchange_py_base.py", line 868, in _api_get
    return await self._api_request(*args, **kwargs)
           ^^^^^^^^^^^^^^^^^^^^^^^^^^^^^^^^^^^^^^^^
  File "/Users/yanyang/hummingbot-2.11.0/hummingbot/connector/exchange_py_base.py", line 911, in _api_request
    request_result = await rest_assistant.execute_request(
                     ^^^^^^^^^^^^^^^^^^^^^^^^^^^^^^^^^^^^^
    ...<8 lines>...
    )
    ^
  File "/Users/yanyang/hummingbot-2.11.0/hummingbot/core/web_assistant/rest_assistant.py", line 48, in execute_request
    response = await self.execute_request_and_get_response(
               ^^^^^^^^^^^^^^^^^^^^^^^^^^^^^^^^^^^^^^^^^^^^
    ...<9 lines>...
    )
    ^
  File "/Users/yanyang/hummingbot-2.11.0/hummingbot/core/web_assistant/rest_assistant.py", line 95, in execute_request_and_get_response
    response = await self.call(request=request, timeout=timeout)
               ^^^^^^^^^^^^^^^^^^^^^^^^^^^^^^^^^^^^^^^^^^^^^^^^^
  File "/Users/yanyang/hummingbot-2.11.0/hummingbot/core/web_assistant/rest_assistant.py", line 109, in call
    resp = await wait_for(self._connection.call(request), timeout)
           ^^^^^^^^^^^^^^^^^^^^^^^^^^^^^^^^^^^^^^^^^^^^^^^^^^^^^^^
  File "/Users/yanyang/opt/anaconda3/envs/hummingbot/envs/hummingbot/lib/python3.13/asyncio/tasks.py", line 507, in wait_for
    return await fut
           ^^^^^^^^^
  File "/Users/yanyang/hummingbot-2.11.0/hummingbot/core/web_assistant/connections/rest_connection.py", line 10, in call
    aiohttp_resp = await self._client_session.request(
                   ^^^^^^^^^^^^^^^^^^^^^^^^^^^^^^^^^^^
    ...<5 lines>...
    )
    ^
  File "/Users/yanyang/opt/anaconda3/envs/hummingbot/envs/hummingbot/lib/python3.13/site-packages/aiohttp/client.py", line 779, in _request
    resp = await handler(req)
           ^^^^^^^^^^^^^^^^^^
  File "/Users/yanyang/opt/anaconda3/envs/hummingbot/envs/hummingbot/lib/python3.13/site-packages/aiohttp/client.py", line 734, in _connect_and_send_request
    conn = await self._connector.connect(
           ^^^^^^^^^^^^^^^^^^^^^^^^^^^^^^
        req, traces=traces, timeout=real_timeout
        ^^^^^^^^^^^^^^^^^^^^^^^^^^^^^^^^^^^^^^^^
    )
    ^
  File "/Users/yanyang/opt/anaconda3/envs/hummingbot/envs/hummingbot/lib/python3.13/site-packages/aiohttp/connector.py", line 672, in connect
    proto = await self._create_connection(req, traces, timeout)
            ^^^^^^^^^^^^^^^^^^^^^^^^^^^^^^^^^^^^^^^^^^^^^^^^^^^
  File "/Users/yanyang/opt/anaconda3/envs/hummingbot/envs/hummingbot/lib/python3.13/site-packages/aiohttp/connector.py", line 1239, in _create_connection
    _, proto = await self._create_direct_connection(req, traces, timeout)
               ^^^^^^^^^^^^^^^^^^^^^^^^^^^^^^^^^^^^^^^^^^^^^^^^^^^^^^^^^^
  File "/Users/yanyang/opt/anaconda3/envs/hummingbot/envs/hummingbot/lib/python3.13/site-packages/aiohttp/connector.py", line 1611, in _create_direct_connection
    raise last_exc
  File "/Users/yanyang/opt/anaconda3/envs/hummingbot/envs/hummingbot/lib/python3.13/site-packages/aiohttp/connector.py", line 1580, in _create_direct_connection
    transp, proto = await self._wrap_create_connection(
                    ^^^^^^^^^^^^^^^^^^^^^^^^^^^^^^^^^^^
    ...<7 lines>...
    )
    ^
  File "/Users/yanyang/opt/anaconda3/envs/hummingbot/envs/hummingbot/lib/python3.13/site-packages/aiohttp/connector.py", line 1321, in _wrap_create_connection
    raise client_error(req.connection_key, exc) from exc
aiohttp.client_exceptions.ClientConnectorError: Cannot connect to host api.kucoin.com:443 ssl:default [None]
